类别,标题,链接
新闻总排行,“安全形势极其严峻复杂”，我使馆紧急提醒！,https://news.sina.com.cn/w/2024-12-05/doc-incyimai3677717.shtml
新闻总排行,《朝俄全面战略伙伴关系条约》正式生效,https://news.sina.com.cn/w/2024-12-05/doc-incyizyc0107179.shtml
新闻总排行,人民日报刊评：“该改的坚决改，不该改的不改”,https://finance.sina.com.cn/china/2024-12-05/doc-incykhfs9997409.shtml
新闻总排行,深江铁路13名现场作业人员失联，施工单位6月曾开展安全生产宣誓,https://news.sina.com.cn/o/2024-12-05/doc-incykhfz0032597.shtml
新闻总排行,NBA杯淘汰赛迎火勇大战 黑马队领跑夺冠赔率,https://sports.sina.com.cn/l/2024-12-04/doc-incyhuem0646050.shtml
新闻总排行,尹锡悦接受国防部长官金龙显辞呈 提名崔秉赫接任,https://news.sina.com.cn/w/2024-12-05/doc-incykhfx3219702.shtml
新闻总排行,印度外长最新涉华表态：预计双方高级官员将在近期举行会晤,https://news.sina.com.cn/w/2024-12-05/doc-incyimam0454806.shtml
新闻总排行,春节申遗成功！我国世界非遗总数达44项,https://news.sina.com.cn/c/2024-12-04/doc-incyimac0396044.shtml
新闻总排行,乌克兰突然宣布：停止！,https://news.sina.com.cn/w/2024-12-05/doc-incyimai3673394.shtml
新闻总排行,韩国执政党决定反对针对总统的弹劾案,https://news.sina.com.cn/w/2024-12-05/doc-incyimai3677504.shtml
视频排行,小哥送完外卖站路边吃饭，被店家“吼”进屋吹空调：最凶的语气说最温柔的话,https://video.sina.com.cn/p/news/2024-07-12/detail-inccvtuh7871763.d.html
视频排行,女子切5斤五花肉后进屋，邻居家狗进门连吃带拿清光，女子看空盘自我怀疑,https://video.sina.com.cn/p/news/2024-07-12/detail-inccvtuh7873299.d.html
视频排行,15岁女孩玩恋爱手游充值一万多：为抽卡与“男主”互动，事后觉得被引诱,https://video.sina.com.cn/p/news/2024-07-12/detail-inccvtuc4724737.d.html
视频排行,画面曝光！因故障滞留太空超一个月，美宇航员坚信飞船能安全返航,https://video.sina.com.cn/p/news/2024-07-12/detail-inccvttz7947666.d.html
视频排行,河北承德一村庄突遭泥浆侵袭：街道变河道，有车辆被冲走,https://video.sina.com.cn/p/news/2024-07-12/detail-inccwkrt7737321.d.html
视频排行,监拍飞石落入客车砸中乘客 亲历者：石头比头还大 玻璃碴子全飞起来了,https://video.sina.com.cn/p/news/2024-07-12/detail-inccwkrx0861815.d.html
视频排行,4岁抗癌网红“小苹果”去世，殡仪馆20盆花收费13800元气哭母亲，官方回应,https://video.sina.com.cn/p/news/2024-07-11/detail-inccteff8778603.d.html
图片排行,韩国上万民众举行集会 要求总统尹锡悦下台,http://slide.news.sina.com.cn/w/slide_1_2841_603362.html
图片排行,哈尔滨持续领跑 冰雪游多项榜单稳坐榜首,http://slide.news.sina.com.cn/c/slide_1_2841_603365.html
图片排行,杭州德寿宫红墙灯光秀“上新” 梦幻光影让文物活起来,http://slide.news.sina.com.cn/c/slide_1_2841_603366.html
图片排行,俄罗斯莫斯科举行“百花齐放”中国艺术藏品展,http://slide.news.sina.com.cn/w/slide_1_2841_603368.html
图片排行,组图：《我们的翻译官》官宣开机 宋茜陈星旭联袂出演,http://slide.ent.sina.com.cn/star/slide_4_704_377160.html
图片排行,伊布30岁后至今攻入297粒俱乐部进球,http://slide.sports.sina.com.cn/g_seriea/slide_2_730_262373.html
图片排行,[欧冠]那不勒斯3-0格拉斯哥流浪者,http://slide.sports.sina.com.cn/g/slide_2_730_282293.html
图片排行,组图：TVB将翻拍韩剧《黑话律师》 原剧由李钟硕林允儿主演,http://slide.ent.sina.com.cn/tv/slide_4_704_389163.html
图片排行,图集-亚运围棋男团决赛 中国-韩国,http://slide.sports.sina.com.cn/go/slide_2_820_286732.html
图片排行,图集-亚运会围棋男子团体预赛第一轮 中国-泰国,http://slide.sports.sina.com.cn/go/slide_2_820_286718.html
国内新闻,深江铁路13名现场作业人员失联，施工单位6月曾开展安全生产宣誓,https://news.sina.com.cn/o/2024-12-05/doc-incykhfz0032597.shtml
国内新闻,春节申遗成功！我国世界非遗总数达44项,https://news.sina.com.cn/c/2024-12-04/doc-incyimac0396044.shtml
国内新闻,作家琼瑶离世，遗体初步检验结果出炉，“认定无他杀嫌疑”,https://news.sina.com.cn/c/2024-12-04/doc-incyieuf0488221.shtml
国内新闻,最高检指导依法妥善办理珠海市驾车冲撞行人等案件,https://news.sina.com.cn/c/2024-12-05/doc-incyknpq9930588.shtml
国内新闻,吴柳芳：擦边是公司要求只能听从，擦边涨了很多粉丝可是我不稀罕,https://news.sina.com.cn/c/2024-12-05/doc-incyizxz3339774.shtml
国内新闻,检查结果互认致HIV感染者被拒诊，湖北卫健委回应,https://news.sina.com.cn/c/2024-12-04/doc-incyieuf0508679.shtml
国内新闻,重庆市委书记和骑手交谈，询问订单数、月收入,https://news.sina.com.cn/c/2024-12-04/doc-incyimai3662466.shtml
国内新闻,杭州、南京等地房贷利率突然调头向上，业内称“与舆论倒逼有关，需特别关注”,https://news.sina.com.cn/c/2024-12-04/doc-incyimai3669345.shtml
国内新闻,光速赢下比赛！孙颖莎女单比赛再获胜,https://news.sina.com.cn/c/2024-12-04/doc-incyieup0510347.shtml
国内新闻,何立峰：欢迎包括高盛集团在内的更多美资金融机构和长期资本继续深化对华互利合作,https://news.sina.com.cn/c/2024-12-04/doc-incyieuf0519488.shtml
国际新闻,“安全形势极其严峻复杂”，我使馆紧急提醒！,https://news.sina.com.cn/w/2024-12-05/doc-incyimai3677717.shtml
国际新闻,《朝俄全面战略伙伴关系条约》正式生效,https://news.sina.com.cn/w/2024-12-05/doc-incyizyc0107179.shtml
国际新闻,尹锡悦接受国防部长官金龙显辞呈 提名崔秉赫接任,https://news.sina.com.cn/w/2024-12-05/doc-incykhfx3219702.shtml
国际新闻,印度外长最新涉华表态：预计双方高级官员将在近期举行会晤,https://news.sina.com.cn/w/2024-12-05/doc-incyimam0454806.shtml
国际新闻,乌克兰突然宣布：停止！,https://news.sina.com.cn/w/2024-12-05/doc-incyimai3673394.shtml
国际新闻,韩国执政党决定反对针对总统的弹劾案,https://news.sina.com.cn/w/2024-12-05/doc-incyimai3677504.shtml
国际新闻,62年来首次 政府被议会推翻 法国总理5日将递交辞呈,https://news.sina.com.cn/w/2024-12-05/doc-incyizxz3332640.shtml
国际新闻,韩国执政党通过决定：反对弹劾尹锡悦,https://news.sina.com.cn/w/2024-12-05/doc-incyirki0328971.shtml
国际新闻,中国的两个邻国，完成边界线划定,https://news.sina.com.cn/w/2024-12-05/doc-incyimam0457862.shtml
国际新闻,1个比特币=10万美元！比特币价格再创历史新高,https://news.sina.com.cn/w/2024-12-05/doc-incyknpw9948152.shtml
社会新闻,知名作家琼瑶去世 遗书全文发布,https://news.sina.com.cn/s/2024-12-04/doc-incyhpwt3991152.shtml
社会新闻,涞水一家六口去年被洪水冲走，一救援队队长收15万元帮寻人后却“消失”,https://news.sina.com.cn/s/2024-12-05/doc-incyimam0456050.shtml
社会新闻,鳌太线发现尸体的博主或被处罚5000元，本人回应：认罚并道歉,https://news.sina.com.cn/s/2024-12-04/doc-incyimai3663277.shtml
社会新闻,甘肃陇南女生被强奸案将于6日开庭 家属：至今未收到道歉,https://news.sina.com.cn/s/2024-12-04/doc-incyieuf0490198.shtml
社会新闻,西部航空用胶带粘飞机舷窗？航空公司：属临时处置，不影响安全,https://news.sina.com.cn/s/2024-12-04/doc-incyimam0440410.shtml
社会新闻,男子7200元买16瓶白酒扫出不雅网站后续：15瓶酒鉴定为假，消费者要求“假一赔十”,https://news.sina.com.cn/s/2024-12-04/doc-incyhuet0687799.shtml
社会新闻,《还珠格格》作家琼瑶轻生，一周前悼亡夫称“不如归去”,https://news.sina.com.cn/s/2024-12-04/doc-incyhuen7418386.shtml
社会新闻,黄晓明和叶珂分手？百科更新两人互为前任，此前黄晓明深鞠躬道歉，删除官宣恋情,https://news.sina.com.cn/s/2024-12-03/doc-incyafyn5439900.shtml
社会新闻,韩国人爱上“周五下班去中国”，网友：比我回老家还近,https://news.sina.com.cn/s/2024-12-03/doc-incyekxv1664779.shtml
社会新闻,花26美元进联合国“开会”？网红卖弄假“精英”人设早晚要崩塌,https://news.sina.com.cn/s/2024-12-03/doc-incyekxt4897421.shtml
体育新闻,NBA杯淘汰赛迎火勇大战 黑马队领跑夺冠赔率,https://sports.sina.com.cn/l/2024-12-04/doc-incyhuem0646050.shtml
体育新闻,农心杯谢尔豪胜申旻埈 三连胜助中国队取得人数优势,https://sports.sina.com.cn/go/2024-12-04/doc-incyhynr0581257.shtml
体育新闻,足彩彩果：皇马1-2不敌毕尔巴鄂 利物浦造冷平,https://sports.sina.com.cn/l/2024-12-05/doc-incykhfz0001371.shtml
体育新闻,大乐透头奖7注854万2注追加 奖池9.66亿元,https://sports.sina.com.cn/l/2024-12-04/doc-incyimam0423304.shtml
体育新闻,詹姆斯29分浓眉仅8分 热火大胜湖人41分创纪录,https://sports.sina.com.cn/basketball/nba/2024-12-05/doc-incyknpq9945897.shtml
体育新闻,NBA杯赛淘汰赛对阵：火勇大战 雷霆VS独行侠,https://sports.sina.com.cn/basketball/nba/2024-12-04/doc-incyhpwq7509842.shtml
体育新闻,英超-廷贝尔破门萨利巴建功 阿森纳2-0曼联,https://sports.sina.com.cn/g/pl/2024-12-05/doc-incykhft0005030.shtml
体育新闻,国象世界冠军赛丁立人再和古克什 8局过后双方4比4,https://sports.sina.com.cn/go/2024-12-04/doc-incyimac0400778.shtml
体育新闻,9707万大奖得主豪捐870万:回馈生我养我的土地,https://sports.sina.com.cn/l/2024-12-05/doc-incyhyni0598048.shtml
体育新闻,西甲-姆巴佩失点贝林厄姆破门 皇马1-2毕巴,https://sports.sina.com.cn/g/laliga/2024-12-05/doc-incykhft0008761.shtml
财经新闻,人民日报刊评：“该改的坚决改，不该改的不改”,https://finance.sina.com.cn/china/2024-12-05/doc-incykhfs9997409.shtml
财经新闻,跨年无厘头炒“蛇”热 跟风“玄学炒股”提防被套 蛇年概念股名单一览,https://finance.sina.com.cn/roll/2024-12-05/doc-incykhfs9987627.shtml
财经新闻,12月5日操盘必读：影响股市利好或利空消息,https://finance.sina.com.cn/stock/cpbd/2024-12-05/doc-incykhfu6776892.shtml
财经新闻,突发！日股飙升，韩股跳水！比特币暴涨，超16万人爆仓！,https://finance.sina.com.cn/roll/2024-12-05/doc-incykhfx3240039.shtml
财经新闻,韩国执政党通过了，“反对弹劾”,https://finance.sina.com.cn/jjxw/2024-12-05/doc-incykhfx3214890.shtml
财经新闻,知名网红自曝患癌！“决定放弃化疗”！多位名人因此去世,https://finance.sina.com.cn/wm/2024-12-05/doc-incyizyc0116862.shtml
财经新闻,新华保险出手持续增持海通证券H股,https://finance.sina.com.cn/stock/relnews/cn/2024-12-05/doc-incyirkf3557726.shtml
财经新闻,中国驻美大使谢锋：中国是全球产供链绕不开的关键枢纽 孤立中国只会自我孤立,https://finance.sina.com.cn/china/2024-12-05/doc-incykhfy9993078.shtml
财经新闻,美联储主席鲍威尔：反对总统对利率政策发表意见的建议,https://finance.sina.com.cn/world/2024-12-05/doc-incyizxv0100314.shtml
财经新闻,60多年来首次！法国国民议会通过不信任动议，政府垮台,https://finance.sina.com.cn/roll/2024-12-05/doc-incykhfy9996567.shtml
娱乐新闻,《唐人街内部》发布预告 华裔卡司出演,https://ent.sina.com.cn/m/f/2024-12-01/doc-incxwksf0549250.shtml
娱乐新闻,《沙丘2》退出奥斯卡最佳配乐竞争 不符合规则,https://ent.sina.com.cn/m/f/2024-11-30/doc-incxwkrz3738230.shtml
娱乐新闻,科尔曼·多明戈导演新片《丑闻》 悉尼妹主演,https://ent.sina.com.cn/m/f/2024-11-30/doc-incxwksc0515720.shtml
娱乐新闻,《怒呛人生》新季正式敲定 全明星阵容加盟,https://ent.sina.com.cn/v/u/2024-11-30/doc-incxwkrz3737843.shtml
娱乐新闻,2025“花开天下·国韵”新年演唱会即将开票,https://ent.sina.com.cn/y/yneidi/2024-12-04/doc-incyimac0415257.shtml
娱乐新闻,动画《指环王：洛汗之战》曝海报 全员迎战,https://ent.sina.com.cn/m/f/2024-11-30/doc-incxwkrz3736803.shtml
娱乐新闻,热门小说《想起他》拍电影 科琳·胡佛原著再编,https://ent.sina.com.cn/m/f/2024-11-27/doc-incxmzcu6966504.shtml
娱乐新闻,《异形大战铁血战士》可能开发 负责人展望未来,https://ent.sina.com.cn/m/f/2024-11-30/doc-incxwksf0540821.shtml
娱乐新闻,口碑票房双双滑铁卢 《小丑2》反响不佳,https://ent.sina.com.cn/m/f/2024-11-27/doc-incxmqpw7400535.shtml
娱乐新闻,索尼经典获《骑着快马》发行权 LGBT小说改编,https://ent.sina.com.cn/m/f/2024-11-27/doc-incxmzcu6958930.shtml
科技新闻,琼瑶死因曝光：一氧化碳中毒 窒息而亡,https://finance.sina.com.cn/tech/discovery/2024-12-05/doc-incyknpw9932969.shtml
科技新闻,华为Mate 70拆解：麒麟9010芯片再次现身,https://finance.sina.com.cn/tech/discovery/2024-12-05/doc-incyimai3662686.shtml
科技新闻,排名第一！华为Mate 70 Pro+获中国电信大众直连卫星手机五星评价,https://finance.sina.com.cn/tech/discovery/2024-12-04/doc-incyhpwt3983940.shtml
科技新闻,儿子谈琼瑶去世细节：救护人员抵达时已无呼吸心跳,https://finance.sina.com.cn/tech/discovery/2024-12-04/doc-incyieup0529188.shtml
科技新闻,线下疯狂排队！华为Mate70首销官网已售罄 门店称标准版备货充足,https://finance.sina.com.cn/tech/discovery/2024-12-04/doc-incyhpwv0737582.shtml
科技新闻,华为Mate 70系列首销供不应求 何刚：供应链团队加班加点生产交付,https://finance.sina.com.cn/tech/discovery/2024-12-05/doc-incyimam0443324.shtml
科技新闻,何刚：华为Mate 70系列每一颗芯片都具备国产的能力,https://finance.sina.com.cn/tech/discovery/2024-12-05/doc-incyieup0549478.shtml
科技新闻,独家高亮钛玄武架构！华为Mate 70 RS拆解难坏老师傅：太难拆了,https://finance.sina.com.cn/tech/discovery/2024-12-04/doc-incyhchx4121382.shtml
科技新闻,这个女人让马斯克讨薪再次失败,https://finance.sina.com.cn/tech/discovery/2024-12-05/doc-incyhynr0589317.shtml
科技新闻,除了Galaxy S25还有惊喜！三星AR眼镜被曝明年1月亮相,https://finance.sina.com.cn/tech/discovery/2024-12-05/doc-incyhuet0695125.shtml
军事新闻,我国成功发射海哨一号卫星,https://mil.news.sina.com.cn/zonghe/2024-12-04/doc-incyhuer3868322.shtml
军事新闻,美媒：美军“协作战斗机”即将投入生产,https://mil.news.sina.com.cn/zonghe/2024-12-04/doc-incyhpwv0736809.shtml
军事新闻,中国海警在黄岩岛海域紧急救助高血压急症渔民,https://mil.news.sina.com.cn/zonghe/2024-12-04/doc-incyhynp3810167.shtml
军事新闻,欧洲再无米格21：克罗地亚退役最后一批米格21,https://mil.news.sina.com.cn/zonghe/2024-12-05/doc-incyknpv3161432.shtml
军事新闻,美最强驱逐舰不惜血本搞“换装”：准备搭载高超音速导弹，对标中俄“快速进步压力”,https://mil.news.sina.com.cn/zonghe/2024-12-04/doc-incyhuer3908813.shtml
军事新闻,中越第37次北部湾联合巡逻圆满结束,https://mil.news.sina.com.cn/zonghe/2024-12-05/doc-incykhfz0019800.shtml
军事新闻,俄称打击乌军用机场 乌称击退俄多次进攻,https://mil.news.sina.com.cn/zonghe/2024-12-05/doc-incyknpw9916888.shtml
军事新闻,加拿大国防部报告：加在北极军事设施“不断恶化”,https://mil.news.sina.com.cn/zonghe/2024-12-04/doc-incyhpwt3959710.shtml
军事新闻,美航母两名水兵抵达日本相继死亡 死因不明,https://mil.news.sina.com.cn/zonghe/2024-12-05/doc-incyknpv3193500.shtml
军事新闻,专家：俄军方密切关注北约“闪电”军演,https://mil.news.sina.com.cn/zonghe/2024-12-05/doc-incyknpv3139835.shtml
