类别,标题,链接,时间
[全部],新浪财经CEO邓庆旭：致力让金麒麟分析师评选更具权威性、纯洁性与神圣性,https://finance.sina.com.cn/stock/roll/2024-12-05/doc-incykxck9743111.shtml,12-05 14:09
[全部],美腕合伙人蔚英辉：直播电商是放大器也是孵化器,https://finance.sina.com.cn/stock/roll/2024-12-05/doc-incykxcs9758356.shtml,12-05 14:04
[全部],隆基绿能钟宝申：兼并可以理解为合并，企业不管大小都是平等的,https://finance.sina.com.cn/stock/roll/2024-12-05/doc-incykxcr2980279.shtml,12-05 14:02
[全部],大摩：网易-S《漫威争锋》明日推出 料每年可贡献最多30亿人民币收入,https://finance.sina.com.cn/stock/hkstock/hkgg/2024-12-05/doc-incykxck9740099.shtml,12-05 14:01
[全部],大摩：维持泡泡玛特“增持”评级 目标价113港元,https://finance.sina.com.cn/tob/2024-12-05/doc-incykxcr2979540.shtml,12-05 13:58
[全部],兴银基金董事长吴若曼：基金管理人要坚决摒弃蹭热点、抢噱头、赚规模，绝不能拿委托人的钱开玩笑,https://finance.sina.com.cn/stock/2024-12-05/doc-incykxck9739248.shtml,12-05 13:58
[全部],隆基绿能钟宝申：让真正有技术有质量运营高效的企业牵头整合资源,https://finance.sina.com.cn/stock/roll/2024-12-05/doc-incykxck9739247.shtml,12-05 13:58
[全部],小摩：予国泰航空“增持”评级 目标价9.6港元,https://finance.sina.com.cn/tob/2024-12-05/doc-incykxcr2979315.shtml,12-05 13:57
[全部],仍有“2”字头！多家地方银行年末密集发售大额存单 国有大行、上市银行也“混入”其中,https://finance.sina.com.cn/money/bank/bank_hydt/2024-12-05/doc-incykxcr2980568.shtml,12-05 13:55
[全部],微信支付：目前没有推出所谓“碰一碰支付”相关产品,https://finance.sina.com.cn/jjxw/2024-12-05/doc-incyksvt3108311.shtml,12-05 13:52
[全部],谁是你心中的最佳寿险公司？2024新浪金麒麟保险行业评选正在火热进行中,https://finance.sina.com.cn/jryx/insurance/2024-12-05/doc-incyksvq6639629.shtml,12-05 13:41
[全部],省级农商行组建又有新进展 上市公司退股包头农商行 透露内蒙古农商行望2025年底前设立,https://finance.sina.com.cn/stock/relnews/cn/2024-12-05/doc-incyksvt3106365.shtml,12-05 13:39
[全部],12月5日保险日报丨新华保险举牌海通证券H股，保险公司发债规模连续两年超千亿,https://finance.sina.com.cn/money/insurance/bxdt/2024-12-05/doc-incyksvn9864737.shtml,12-05 13:37
[全部],英发张发玉：周期要熬过去 一定要举起高品质的大旗,https://finance.sina.com.cn/stock/roll/2024-12-05/doc-incyksvt3102528.shtml,12-05 13:32
[全部],AI应用全面走强！万兴科技20CM涨停，创业板人工智能拉涨超3%！全市场首只创业板人工智能ETF即将上市,https://finance.sina.com.cn/money/fund/etf/2024-12-05/doc-incyksvt3102133.shtml,12-05 13:30
[全部],10000亿，大时代,https://finance.sina.com.cn/money/fund/jjh/2024-12-05/doc-incyksvq6636903.shtml,12-05 13:29
[全部],苹果概念股午后上扬 丘钛科技涨近7%比亚迪电子涨近5%,https://finance.sina.com.cn/stock/hkstock/marketalerts/2024-12-05/doc-incyksvq6636769.shtml,12-05 13:28
[全部],董事席位稳了？新华保险举牌海通证券 险资5年首次破冰券商股,https://finance.sina.com.cn/jjxw/2024-12-05/doc-incyksvt3098106.shtml,12-05 13:16
[全部],高景太阳能徐志群：库存到一定程度就要拉警戒线,https://finance.sina.com.cn/stock/roll/2024-12-05/doc-incyksvu9874523.shtml,12-05 13:16
[全部],杨法德获批出任辽沈银行行长,https://finance.sina.com.cn/jryx/bank/2024-12-05/doc-incyksvu9873179.shtml,12-05 13:11
[全部],美联储先给特朗普“上课”：对华关税对美经济冲击远超过往预估！,https://finance.sina.com.cn/roll/2024-12-05/doc-incyksvt3097439.shtml,12-05 13:06
[全部],【求证】福州上调房贷利率？当地银行回应,https://finance.sina.com.cn/money/bank/bank_hydt/2024-12-05/doc-incyksvt3097890.shtml,12-05 13:05
[全部],多名券商高管因违规买卖证券被罚,https://finance.sina.com.cn/wm/2024-12-05/doc-incyksvt3094059.shtml,12-05 13:01
[全部],商务部顾宇：企业要自觉防范出口环节恶性竞争，侵犯知识产权等不良做法,https://finance.sina.com.cn/china/2024-12-05/doc-incyksvt3092021.shtml,12-05 12:55
[全部],“这是一起有针对性的袭击”！4万亿巨头高管被枪杀！原定当天参加投资人大会…,https://finance.sina.com.cn/stock/t/2024-12-05/doc-incyksvu9873074.shtml,12-05 12:52
[全部],中药贴膏剂龙头要“跨界”？羚锐制药拟7.82亿元收购银谷制药，股价盘中跌近4%,https://finance.sina.com.cn/jjxw/2024-12-05/doc-incyksvu9865675.shtml,12-05 12:40
[全部],兴证国际公布委任王利为财务总监,https://finance.sina.com.cn/stock/hkstock/ggscyd/2024-12-05/doc-incyksvq6620688.shtml,12-05 12:37
[全部],德基科技控股12月4日斥资13.81万港元回购19万股,https://finance.sina.com.cn/stock/hkstock/ggscyd/2024-12-05/doc-incyksvq6620311.shtml,12-05 12:36
[全部],吉利汽车因认股权获行使而发行12.55万股,https://finance.sina.com.cn/stock/hkstock/ggscyd/2024-12-05/doc-incyksvn9845503.shtml,12-05 12:35
[全部],晶科电子股份股东与招商银行订立股份质押协议,https://finance.sina.com.cn/stock/hkstock/ggscyd/2024-12-05/doc-incyksvu9863037.shtml,12-05 12:34
[全部],通用汽车回应重组中国业务传闻：现在和未来都是优质资产，正稳步改善盈利能力,https://finance.sina.com.cn/jjxw/2024-12-05/doc-incyksvt3084885.shtml,12-05 12:29
[全部],法国政府倒台之后 欧元前景更加黯淡,https://finance.sina.com.cn/stock/usstock/c/2024-12-05/doc-incyksvq6617394.shtml,12-05 12:27
[全部],道明证券：韩元可能在国家政治僵局中进一步走软,https://finance.sina.com.cn/stock/usstock/c/2024-12-05/doc-incyksvt3083538.shtml,12-05 12:25
[全部],复旦大学林民旺：特朗普上台对世界充满巨大不确定性，但我们有与其打交道的经验,https://finance.sina.com.cn/stock/2024-12-05/doc-incyksvu9860286.shtml,12-05 12:24
[全部],日本首相石破茂：没有修改与日本央行联合声明的计划,https://finance.sina.com.cn/stock/usstock/c/2024-12-05/doc-incyksvq6614919.shtml,12-05 12:19
[全部],"大众因电池过热在美国召回超过4,600辆汽车",https://finance.sina.com.cn/stock/usstock/c/2024-12-05/doc-incyksvu9872097.shtml,12-05 12:19
[全部],麦格理上调对2025年金价预测,https://finance.sina.com.cn/stock/usstock/c/2024-12-05/doc-incyksvu9858694.shtml,12-05 12:18
[全部],邦达亚洲:美联储官员发表鹰派言论 美元指数小幅收涨,https://finance.sina.com.cn/money/forex/forexfxyc/2024-12-05/doc-incyksvu9857887.shtml,12-05 12:17
[全部],田洪良:主要货币短线操作指南 美指周三上涨在106.75之下遇阻,https://finance.sina.com.cn/money/forex/forexanaly/2024-12-05/doc-incyksvn9838861.shtml,12-05 12:15
[全部],复牌涨停！连年亏损的永安行拟收购无人驾驶公司，标的曾冲科创板夭折，面临多项风险,https://finance.sina.com.cn/stock/relnews/cn/2024-12-05/doc-incyksvt3084563.shtml,12-05 12:15
[全部],7家村镇银行获批解散 均由沧州农商行吸收合并,https://finance.sina.com.cn/money/bank/gsdt/2024-12-05/doc-incyksvn9859211.shtml,12-05 12:10
[全部],挂理财公司的牌 卖中小银行的产品 什么情况？,https://finance.sina.com.cn/jjxw/2024-12-05/doc-incyksvt3084069.shtml,12-05 12:07
[全部],隆基绿能钟宝申：内卷的最后就是伪劣产品 组件质量比以前差了,https://finance.sina.com.cn/stock/roll/2024-12-05/doc-incyksvn9835680.shtml,12-05 12:05
[全部],上市公司指南针受让先锋基金34.21%股权获证监会核准，跃升为第一大股东,https://finance.sina.com.cn/jjxw/2024-12-05/doc-incyksvt3076613.shtml,12-05 12:01
[全部],不要太过看重非农？美联储12月是否降息的关键在此！,https://finance.sina.com.cn/roll/2024-12-05/doc-incyksvt3078987.shtml,12-05 12:01
[全部],午评：港股恒指跌0.99% 恒生科指跌0.61%比特币概念股逆势攀升,https://finance.sina.com.cn/stock/hkstock/marketalerts/2024-12-05/doc-incyksvu9853402.shtml,12-05 12:01
[全部],优必选现涨超5% 国投证券指AI发展助力机器人产业提速,https://finance.sina.com.cn/stock/hkstock/marketalerts/2024-12-05/doc-incyksvu9852079.shtml,12-05 11:59
[全部],11月黑猫投诉服饰领域红黑榜：NewBalance 双十一后降价严重,https://finance.sina.com.cn/heimao/2024-12-05/doc-incyksvq6607275.shtml,12-05 11:58
[全部],三大利好来袭！最强风口，持续发酵！机器人板块爆发,https://finance.sina.com.cn/stock/relnews/cn/2024-12-05/doc-incyksvt3075415.shtml,12-05 11:58
[全部],超百亿主力资金狂涌！Sora概念再走强，大数据产业ETF（516700）盘中上探1.78%，星环科技-U 20CM涨停封板,https://finance.sina.com.cn/money/fund/etf/2024-12-05/doc-incyksvt3074975.shtml,12-05 11:58
[全部],超百亿主力资金狂涌！Sora概念再走强，大数据产业ETF（516700）盘中上探1.78%，星环科技-U 20CM涨停封板,https://finance.sina.com.cn/money/fund/etf/2024-12-05/doc-incyksvt3074975.shtml,12-05 11:58
[全部],ASMPT早盘涨超3% 机构料半导体设备国产替代有望加速,https://finance.sina.com.cn/stock/hkstock/marketalerts/2024-12-05/doc-incyksvt3074335.shtml,12-05 11:57
[全部],映宇宙早盘涨逾3% 公司投资加密货币有望优化资产配置,https://finance.sina.com.cn/stock/hkstock/marketalerts/2024-12-05/doc-incyksvq6606288.shtml,12-05 11:56
[全部],联储证券原资管分公司总经理肖盼离任，拟任华兴证券自营总经理,https://finance.sina.com.cn/jjxw/2024-12-05/doc-incyksvt3074287.shtml,12-05 11:55
[全部],券商跨境理财通首战告捷，险资时隔5年再度举牌券商股！券商ETF（512000）盘中涨近2%，关注两大主线,https://finance.sina.com.cn/money/fund/etf/2024-12-05/doc-incyksvt3074196.shtml,12-05 11:54
[全部],摩根大通：韩国金融股下跌现买入良机，看好银行股回报提升,https://finance.sina.com.cn/stock/hkstock/hkstocknews/2024-12-05/doc-incyksvt3072302.shtml,12-05 11:52
[全部],对冲基金蜂拥至“比特币大户”MicroStrategy一举将它捧成“华尔街最热门交易”,https://finance.sina.com.cn/stock/hkstock/hkstocknews/2024-12-05/doc-incyksvt3082314.shtml,12-05 11:52
[全部],礼来畅销减肥药Mounjaro将于数月内在英国推出,https://finance.sina.com.cn/stock/hkstock/hkstocknews/2024-12-05/doc-incyksvu9848215.shtml,12-05 11:47
[全部],爱马仕即将涨价？客服：目前暂未接到价格调整通知,https://finance.sina.com.cn/stock/roll/2024-12-05/doc-incyksvn9827995.shtml,12-05 11:45
[全部],晋景新能早盘涨超3%再创新高 此前与华润晋扬达成合作,https://finance.sina.com.cn/stock/hkstock/marketalerts/2024-12-05/doc-incyksvn9826444.shtml,12-05 11:42
[全部],午评：玻璃、燃料油跌近4%,https://finance.sina.com.cn/money/future/fmnews/2024-12-05/doc-incyksvt3067536.shtml,12-05 11:41
[全部],蓄水池萎缩白酒押宝春节档,https://finance.sina.com.cn/zmt/2024-12-05/doc-incyksvt3070619.shtml,12-05 11:40
[全部],建行北分行长再获拔擢！张连钢出任农发行党委委员,https://finance.sina.com.cn/roll/2024-12-05/doc-incyksvt3073802.shtml,12-05 11:40
[全部],博雅互动早盘涨超19% 公司完成以太坊换购比特币,https://finance.sina.com.cn/stock/hkstock/marketalerts/2024-12-05/doc-incyksvn9825035.shtml,12-05 11:38
[全部],医渡科技早盘逆市涨超4% 近日持续获南向资金加持,https://finance.sina.com.cn/stock/hkstock/marketalerts/2024-12-05/doc-incyknpq9954283.shtml,12-05 11:35
[全部],人民币汇率跌破7.3，特朗普还没上台，美元就上演“大反转”,https://finance.sina.com.cn/jjxw/2024-12-05/doc-incyknpw9972794.shtml,12-05 11:33
[全部],高盛：维持康哲药业“买入”评级 目标价上调至12.82港元,https://finance.sina.com.cn/stock/hkstock/hkgg/2024-12-05/doc-incyknpq9952416.shtml,12-05 11:32
[全部],大和：下调赣锋锂业至“跑输大市” 目标价降至23港元,https://finance.sina.com.cn/stock/hkstock/hkgg/2024-12-05/doc-incyknpq9951540.shtml,12-05 11:31
[全部],午评：指数早盘低开高走 Sora概念集体爆发,https://finance.sina.com.cn/zxg/zxjx/2024-12-05/doc-incyknps6725090.shtml,12-05 11:30
[全部],未说明韩国转机需签证致未成年人无法登机，去哪儿网致歉：损失由平台承担,https://finance.sina.com.cn/chanjing/wddc/2024-12-05/doc-incyknpv3193253.shtml,12-05 11:30
[全部],11月黑猫投诉企业红黑榜：新购罗技鼠标异响维修无果拒绝换新,https://finance.sina.com.cn/heimao/2024-12-05/doc-incyknpv3193118.shtml,12-05 11:29
[全部],变相鼓励员工帮境外子公司“揽客” 弘业期货被监管要求增加合规检查,https://finance.sina.com.cn/jjxw/2024-12-05/doc-incyknpv3193184.shtml,12-05 11:26
[全部],A股多只大牛股跌停，这个板块率先拉升，啥情况？,https://finance.sina.com.cn/jjxw/2024-12-05/doc-incyknpv3192322.shtml,12-05 11:25
[全部],阿斯利康中国人事调整，林骁出任阿斯利康中国总经理,https://finance.sina.com.cn/roll/2024-12-05/doc-incyksvu9844657.shtml,12-05 11:23
[全部],央行的政策利率统一之路兼论货币政策展望,https://finance.sina.com.cn/money/forex/forexinfo/2024-12-05/doc-incyknpw9973266.shtml,12-05 11:22
[全部],欧洲央行行长：短期内欧元区经济可能放缓,https://finance.sina.com.cn/jjxw/2024-12-05/doc-incyknpw9970644.shtml,12-05 11:19
[全部],黑芝麻智能早盘涨逾6%创上市新高 下周一正式进入恒生综指,https://finance.sina.com.cn/stock/hkstock/marketalerts/2024-12-05/doc-incyknpq9945980.shtml,12-05 11:18
[全部],最新ADP和美联储预期对黄金的支撑有限，市场静待非农,https://finance.sina.com.cn/money/forex/hbfx/2024-12-05/doc-incyknpw9965805.shtml,12-05 11:16
[全部],创新奇智早盘涨超5% 机构看好国内AI应用产业爆发潜力,https://finance.sina.com.cn/stock/hkstock/marketalerts/2024-12-05/doc-incyknps6716303.shtml,12-05 11:09
[全部],莱茵生物实控人因证券操纵收200万罚单,https://finance.sina.com.cn/stock/gmwq/rightscase/2024-12-05/doc-incyknpv3184178.shtml,12-05 11:08
[全部],因虚增利润凯撒文化及六名高管收罚单,https://finance.sina.com.cn/stock/gmwq/rightscase/2024-12-05/doc-incyknpw9961123.shtml,12-05 11:08
[全部],ST凯文（凯撒文化）股票索赔：信披违法受处罚，投资者索赔案启动,https://finance.sina.com.cn/stock/gmwq/rightscase/2024-12-05/doc-incyknpw9961005.shtml,12-05 11:08
[全部],仁智股份（002629）收处罚决定书，股民索赔分析,https://finance.sina.com.cn/stock/gmwq/rightscase/2024-12-05/doc-incyknpw9960888.shtml,12-05 11:08
[全部],美团新一轮组织架构调整：核心本地商业整合升级研发平台,https://finance.sina.com.cn/roll/2024-12-05/doc-incyknpw9967017.shtml,12-05 11:08
[全部],奥联电子股票索赔已有损失测算案例，受损股民抓紧诉讼,https://finance.sina.com.cn/stock/gmwq/rightscase/2024-12-05/doc-incyknpw9960807.shtml,12-05 11:07
[全部],勇利投资盘中拉升逾34% 获华建有限公司折让约8.83%提全购要约,https://finance.sina.com.cn/stock/hkstock/marketalerts/2024-12-05/doc-incyknps6715203.shtml,12-05 11:07
[全部],韩国警方开始调查尹锡悦涉内乱罪,https://finance.sina.com.cn/world/2024-12-05/doc-incyknps6713836.shtml,12-05 11:03
[全部],负债、担保额居高不下，建艺集团面临财务挑战,https://finance.sina.com.cn/jjxw/2024-12-05/doc-incyknpw9957479.shtml,12-05 11:00
[全部],见证历史：比特币首破10万美元，下一站去哪？,https://finance.sina.com.cn/blockchain/roll/2024-12-05/doc-incyknpv3188054.shtml,12-05 10:58
[全部],10亿元合同缩水至6.46亿元 鸿博股份需加强合同风险管理,https://finance.sina.com.cn/roll/2024-12-05/doc-incyknpv3178910.shtml,12-05 10:57
[全部],光伏行业协会理事长曹仁贤：不要想着自己能活，别人一定会死,https://finance.sina.com.cn/stock/roll/2024-12-05/doc-incyknps6711053.shtml,12-05 10:57
[全部],创梦天地早盘涨超4% 《三角洲行动》今日起在全球地区展开PC公测,https://finance.sina.com.cn/stock/hkstock/marketalerts/2024-12-05/doc-incyknps6710679.shtml,12-05 10:56
[全部],日本央行本月加息预期降温 日元承压重回150上方,https://finance.sina.com.cn/stock/hkstock/hkstocknews/2024-12-05/doc-incyknpv3179309.shtml,12-05 10:55
[全部],最新！中天精装拟1元受让一企业100%股权！啥情况？,https://finance.sina.com.cn/roll/2024-12-05/doc-incyknpw9954859.shtml,12-05 10:55
[全部],康希诺现涨超5% 近日MCV4药品补充申请获国家药监局受理,https://finance.sina.com.cn/stock/hkstock/marketalerts/2024-12-05/doc-incyknpv3177225.shtml,12-05 10:54
[全部],李濮任贵州金沙窖酒酒业有限公司总经理,https://finance.sina.com.cn/chanjing/jync/jyr/2024-12-05/doc-incyknpv3177320.shtml,12-05 10:54
[全部],重磅！张春新或履新上海沛华集团任总裁,https://finance.sina.com.cn/chanjing/jync/jyr/2024-12-05/doc-incyknpw9954324.shtml,12-05 10:54
[全部],微创机器人再度配股，股价为何大挫16%？,https://finance.sina.com.cn/stock/relnews/hk/2024-12-05/doc-incyknpv3194077.shtml,12-05 10:53
[全部],金山云早盘涨超10% 近一个月股价累计上涨1.9倍,https://finance.sina.com.cn/stock/hkstock/marketalerts/2024-12-05/doc-incyknpv3176635.shtml,12-05 10:53
[全部],险资举牌热持续！ 新华保险举牌海通证券H股,https://finance.sina.com.cn/stock/relnews/cn/2024-12-05/doc-incyknps6709161.shtml,12-05 10:52
[全部],比特币突破10万美元大关 博雅互动涨近7%领跑相关概念股,https://finance.sina.com.cn/stock/relnews/hk/2024-12-05/doc-incyknpw9953724.shtml,12-05 10:51
[全部],花旗：降中信证券评级至“中性” 首选华泰证券、中国银河,https://finance.sina.com.cn/stock/hkstock/hkgg/2024-12-05/doc-incyknpw9952391.shtml,12-05 10:49
[全部],国投证券：予周大福“买入-A”评级 目标价8.02港元,https://finance.sina.com.cn/stock/hkstock/hkgg/2024-12-05/doc-incyknpw9951779.shtml,12-05 10:47
[全部],比特币升破10万美元 今年累计上涨138%！,https://finance.sina.com.cn/blockchain/roll/2024-12-05/doc-incyknpv3172680.shtml,12-05 10:42
[全部],稳增长效应显现，人民币汇率有望获得更强支撑,https://finance.sina.com.cn/jjxw/2024-12-05/doc-incyknpv3172457.shtml,12-05 10:41
[全部],监管调整回购增持专项贷细则 融资比例从最高70%提升到90%,https://finance.sina.com.cn/roll/2024-12-05/doc-incyknpv3180281.shtml,12-05 10:41
[全部],新规见成效 英国11月电动汽车销售占总注册量25%,https://finance.sina.com.cn/stock/hkstock/hkstocknews/2024-12-05/doc-incyknpv3175455.shtml,12-05 10:40
[全部],管不住嘴？两次泄露内幕信息，ST永悦实控人被罚400万元,https://finance.sina.com.cn/jjxw/2024-12-05/doc-incyknpw9949584.shtml,12-05 10:40
[全部],突发！A股多只大牛股，跌停！,https://finance.sina.com.cn/stock/marketresearch/2024-12-05/doc-incyknpq9929350.shtml,12-05 10:38
[全部],2025年投资策略会热词：新质生产力！自主可控关乎国家安全，硬科技宽基——双创龙头ETF（588330）逆市飘红,https://finance.sina.com.cn/money/fund/etf/2024-12-05/doc-incyknpq9927936.shtml,12-05 10:38
[全部],美联储“鹰声连连”！戴利：现在并不急于降息,https://finance.sina.com.cn/roll/2024-12-05/doc-incyknpw9951015.shtml,12-05 10:37
[全部],OpenAI连续12场直播来袭！一大堆东西要发布！AI应用再迎催化，信创ETF基金（562030）盘中上探1.63%,https://finance.sina.com.cn/money/fund/etf/2024-12-05/doc-incyknpq9927239.shtml,12-05 10:36
[全部],比特币首次突破10万美元 再创历史新高 市场对特朗普加密计划持乐观态度,https://finance.sina.com.cn/stock/usstock/c/2024-12-05/doc-incyknpq9926584.shtml,12-05 10:36
[全部],今年2万亿隐债置换进程已过半，江苏、湖南、贵州发行最多,https://finance.sina.com.cn/jjxw/2024-12-05/doc-incyknpv3171110.shtml,12-05 10:36
[全部],创造历史！历时5815天！BTC突破10万美元！,https://finance.sina.com.cn/blockchain/roll/2024-12-05/doc-incyknpv3175253.shtml,12-05 10:35
[全部],亿华通早盘急升逾26% 10月燃料电池系统装机量同比增长195.6%,https://finance.sina.com.cn/stock/hkstock/marketalerts/2024-12-05/doc-incyknps6700576.shtml,12-05 10:34
[全部],云南白药、片仔癀出资设立产业基金 意欲何为？,https://finance.sina.com.cn/stock/relnews/cn/2024-12-05/doc-incyknpv3172041.shtml,12-05 10:34
[全部],比特币价格触及10万美元，再创历史新高,https://finance.sina.com.cn/7x24/2024-12-05/doc-incyknpw9946669.shtml,12-05 10:34
[全部],日产电动汽车将接入特斯拉超级充电网络,https://finance.sina.com.cn/stock/usstock/c/2024-12-05/doc-incyksvn9855788.shtml,12-05 10:32
[全部],全球最长无人驾驶地铁在沙特利雅得投入运营,https://finance.sina.com.cn/jjxw/2024-12-05/doc-incyknpw9947317.shtml,12-05 10:32
[全部],“AI+金融”全面走强！金融科技ETF（159851）放量拉涨逾2%，信雅达快速涨停，大智慧斩获5天4板,https://finance.sina.com.cn/money/fund/etf/2024-12-05/doc-incyknpw9946140.shtml,12-05 10:31
[全部],突发丨金沙酒业重大人事变动：李濮任金沙酒业总经理、营销中心总经理，曾任雪花河南区域总经理,https://finance.sina.com.cn/chanjing/jync/2024-12-05/doc-incyknps6706053.shtml,12-05 10:31
[全部],普京：比特币比美元储备更好，没人能禁止比特币,https://finance.sina.com.cn/stock/t/2024-12-05/doc-incyknps6700229.shtml,12-05 10:30
[全部],新型“夫妻”联合经营模式挑战传统临床转化，能否走通源头创新“第一公里”?,https://finance.sina.com.cn/roll/2024-12-05/doc-incyknpw9949511.shtml,12-05 10:28
[全部],阿斯利康敲定王磊继任者,https://finance.sina.com.cn/jjxw/2024-12-05/doc-incyknpw9944734.shtml,12-05 10:28
[全部],险资五年来首度举牌券商，两大主线投资机会值得关注,https://finance.sina.com.cn/roll/2024-12-05/doc-incyknpw9944202.shtml,12-05 10:24
[全部],今年公募公司自购规模创新高，指数基金是买入重点,https://finance.sina.com.cn/jjxw/2024-12-05/doc-incyknpw9943180.shtml,12-05 10:24
[全部],运量运价双下滑，公路货运行业如何“反卷”?,https://finance.sina.com.cn/jjxw/2024-12-05/doc-incyknpv3164112.shtml,12-05 10:19
[全部],比亚迪电子现涨超3% 机构料消费电子产业链迎来发展机遇,https://finance.sina.com.cn/stock/hkstock/marketalerts/2024-12-05/doc-incyknpq9918743.shtml,12-05 10:18
[全部],华为MateX6一周使用体验：敢于重塑一切 所以强得飞起,https://finance.sina.com.cn/tech/mobile/n/n/2024-12-05/doc-incyknpq9918559.shtml,12-05 10:17
[全部],工信部电子信息司：光伏行业要避免非理性竞争，尤其是恶性竞争,https://finance.sina.com.cn/stock/roll/2024-12-05/doc-incyknpw9935790.shtml,12-05 10:10
[全部],12月USDA报告前瞻,https://finance.sina.com.cn/money/future/fmnews/2024-12-05/doc-incyknpq9916436.shtml,12-05 10:09
[全部],美国惊讶：“尹锡悦严重误判”！,https://finance.sina.com.cn/stock/t/2024-12-05/doc-incyknps6693065.shtml,12-05 10:07
[全部],特朗普提名币圈拥趸执掌美国证监会 比特币大涨冲向10万美元,https://finance.sina.com.cn/roll/2024-12-05/doc-incyknpw9938651.shtml,12-05 10:07
[全部],OpenAI“12天狂欢”!每日一款新品，AI领域掀起创新风暴,https://finance.sina.com.cn/stock/hkstock/hkstocknews/2024-12-05/doc-incyknpw9935158.shtml,12-05 10:05
[全部],卓创资讯：产区玉米有效供应宽松 玉米价格或仍有下跌空间,https://finance.sina.com.cn/money/future/2024-12-05/doc-incyknpw9932127.shtml,12-05 10:02
[全部],中金：予光大环境“跑赢行业”评级 目标价4.8港元,https://finance.sina.com.cn/stock/hkstock/hkgg/2024-12-05/doc-incyknpw9929727.shtml,12-05 09:58
[全部],欧洲央行管委Nagel：利率不应下调至中性水平以下,https://finance.sina.com.cn/stock/hkstock/ggscyd/2024-12-05/doc-incyknpv3156706.shtml,12-05 09:57
[全部],光大证券：维持华润置地“买入”评级 销售升至行业第三,https://finance.sina.com.cn/stock/hkstock/hkgg/2024-12-05/doc-incyknps6684094.shtml,12-05 09:57
[全部],美国新任SEC主席Paul Atkins出炉，加密货币一度走高,https://finance.sina.com.cn/blockchain/roll/2024-12-05/doc-incyknpw9929811.shtml,12-05 09:54
[全部],周道许：西部金融中心(重庆)建设经验的启示——降低融资成本，促进高质量发展,https://finance.sina.com.cn/money/bank/yhpl/2024-12-05/doc-incyknpw9949458.shtml,12-05 09:53
[全部],比特币概念股多数走高 美图公司涨超7%博雅互动涨逾3%,https://finance.sina.com.cn/stock/hkstock/marketalerts/2024-12-05/doc-incyknps6682573.shtml,12-05 09:52
[全部],“机动车辆安全统筹”是正规车险吗？,https://finance.sina.com.cn/money/insurance/bxdt/2024-12-05/doc-incyknps6681943.shtml,12-05 09:51
[全部],港股早盘低开 海通证券H股被举牌,https://finance.sina.com.cn/roll/2024-12-05/doc-incyknpv3148637.shtml,12-05 09:50
[全部],第四范式现涨超6% 广发证券给予“买入”评级,https://finance.sina.com.cn/stock/hkstock/marketalerts/2024-12-05/doc-incyknpw9925307.shtml,12-05 09:49
[全部],策略师：金价永远不会回到2000美元，将从目前的水平上涨3倍,https://finance.sina.com.cn/money/forex/hbfx/2024-12-05/doc-incyknpw9925110.shtml,12-05 09:48
[全部],速腾聚创盘中涨超8% 本周累计涨幅已逾35%,https://finance.sina.com.cn/stock/hkstock/marketalerts/2024-12-05/doc-incyknpq9906069.shtml,12-05 09:47
[全部],鲍威尔称对降息将更谨慎，暗示美联储将免受政府效率部削减,https://finance.sina.com.cn/jjxw/2024-12-05/doc-incyknpw9925654.shtml,12-05 09:45
[全部],日媒称央行内部避免过早加息的观点增强 市场升息押注骤减令日元承压,https://finance.sina.com.cn/stock/usstock/c/2024-12-05/doc-incyknpv3145560.shtml,12-05 09:44
[全部],“尹锡悦弹劾案”可能通不过了！韩国执政党决定反对,https://finance.sina.com.cn/roll/2024-12-05/doc-incyknpv3146332.shtml,12-05 09:41
[全部],11家新三板创新层公司降至基础层，今年多次发布降层风险的粤开证券在列,https://finance.sina.com.cn/jjxw/2024-12-05/doc-incyknpv3145302.shtml,12-05 09:41
[全部],超百家基金公司投资总监同时签字！新浪财经2024金麒麟最佳分析师评选秉持公开公平公正原则（附图）,https://finance.sina.com.cn/money/fund/jjyj/2024-12-05/doc-incyknpq9911181.shtml,12-05 09:40
[全部],豪掷近两亿，广州金控加速高校成果转化,https://finance.sina.com.cn/jjxw/2024-12-05/doc-incyknpv3145295.shtml,12-05 09:40
[全部],浙江龙盛：第三季度营业收入36.55亿元，同比增长1.23%,https://finance.sina.com.cn/stock/relnews/cn/2024-12-05/doc-incyknpw9920131.shtml,12-05 09:39
[全部],兴发集团：第三季度营业收入86.46亿元，同比增长3.54%,https://finance.sina.com.cn/stock/relnews/cn/2024-12-05/doc-incyknpq9902357.shtml,12-05 09:39
[全部],福斯达：第三季度营业收入达7.44亿元，同比增长34.39%,https://finance.sina.com.cn/stock/relnews/cn/2024-12-05/doc-incyknpv3142443.shtml,12-05 09:39
[全部],朱啸虎凌晨朋友圈炮轰张予彤！月之暗面仲裁事件再掀波澜,https://finance.sina.com.cn/stock/roll/2024-12-05/doc-incyknpv3149408.shtml,12-05 09:38
[全部],ST盛屯：第三季度营业收入62.44亿元，同比增长23.79%,https://finance.sina.com.cn/stock/relnews/cn/2024-12-05/doc-incyknpw9919294.shtml,12-05 09:38
[全部],新奥股份：第三季度营业收入31.75亿，同比增长10.46%,https://finance.sina.com.cn/stock/relnews/cn/2024-12-05/doc-incyknpq9901763.shtml,12-05 09:38
[全部],Sora概念股开盘大涨 华扬联众、中广天择双双涨停,https://finance.sina.com.cn/stock/2024-12-05/doc-incyknpq9899685.shtml,12-05 09:35
[全部],金瑞期货荣获“中国最佳期货公司”等多项大奖,https://finance.sina.com.cn/money/future/2024-12-05/doc-incyknpq9898758.shtml,12-05 09:34
[全部],法国政府即将集体辞职！巴尼耶或成史上任期最短的法国总理,https://finance.sina.com.cn/jjxw/2024-12-05/doc-incyknpv3138705.shtml,12-05 09:33
[全部],ESR早盘高开逾5% 公司宣布私有化提案估值达552亿港元,https://finance.sina.com.cn/stock/hkstock/marketalerts/2024-12-05/doc-incyknpv3137228.shtml,12-05 09:32
[全部],四大知名游资席位携手豪买，“团宠”永辉超市成色如何？,https://finance.sina.com.cn/jjxw/2024-12-05/doc-incyknpv3138720.shtml,12-05 09:32
[全部],美图公司早盘高开逾6% 公司清仓加密货币获利5.7亿港元,https://finance.sina.com.cn/stock/hkstock/marketalerts/2024-12-05/doc-incyknpv3135752.shtml,12-05 09:31
[全部],ST永悦再起风波！泄露签订、解除合同信息，实控人被罚400万元,https://finance.sina.com.cn/roll/2024-12-05/doc-incyknpw9931735.shtml,12-05 09:31
[全部],险资举牌热持续！新华保险举牌海通证券H股,https://finance.sina.com.cn/jjxw/2024-12-05/doc-incyknpw9915042.shtml,12-05 09:31
[全部],航天业务陷入困境 空客将裁员约2000人,https://finance.sina.com.cn/stock/hkstock/ggscyd/2024-12-05/doc-incyknpw9928571.shtml,12-05 09:30
[全部],罕见！新华保险举牌海通证券，并继续增持，什么信号？券商ETF（512000）获资金密集逢低布局,https://finance.sina.com.cn/money/fund/etf/2024-12-05/doc-incyknpq9896413.shtml,12-05 09:26
[全部],【盘前三分钟】12月5日ETF早知道,https://finance.sina.com.cn/money/fund/etf/2024-12-05/doc-incyknpq9895446.shtml,12-05 09:26
[全部],“小非农”引爆大涨行情、鲍威尔释放重要信号！金价剧烈波动后如何交易？,https://finance.sina.com.cn/money/nmetal/hjzx/2024-12-05/doc-incyknpv3148642.shtml,12-05 09:26
[全部],旧金山联储行长称降息并非十万火急,https://finance.sina.com.cn/stock/usstock/c/2024-12-05/doc-incyknpw9909541.shtml,12-05 09:25
[全部],OPEC+或将延长减产措施，油价怎么走？,https://finance.sina.com.cn/money/future/fmnews/2024-12-05/doc-incykhft0023919.shtml,12-05 09:20
[全部],快讯：恒指低开0.83% 科指跌0.84%科网股普遍低开,https://finance.sina.com.cn/stock/hkstock/marketalerts/2024-12-05/doc-incyknpq9894143.shtml,12-05 09:20
[全部],光大期货油市观察1205：OPEC会议召开在即，市场情绪较为反复,https://finance.sina.com.cn/money/future/fmnews/2024-12-05/doc-incykhft0023318.shtml,12-05 09:19
[全部],光大期货：12月5日金融日报,https://finance.sina.com.cn/money/future/fmnews/2024-12-05/doc-incykhfu6797199.shtml,12-05 09:19
[全部],光大期货：12月5日农产品日报,https://finance.sina.com.cn/money/future/fmnews/2024-12-05/doc-incykhfz0035683.shtml,12-05 09:18
[全部],光大期货：12月5日矿钢煤焦日报,https://finance.sina.com.cn/money/future/fmnews/2024-12-05/doc-incykhfz0034675.shtml,12-05 09:17
[全部],巨头高调撒钱、AI军备竞赛火热，芯片股全线大涨,https://finance.sina.com.cn/roll/2024-12-05/doc-incyknpv3132545.shtml,12-05 09:17
[全部],人民币中间价报7.1879，上调55点,https://finance.sina.com.cn/money/forex/rmb/2024-12-05/doc-incykhft0020324.shtml,12-05 09:16
[全部],英国11月电动汽车市占率达25%，创近两年新高,https://finance.sina.com.cn/stock/usstock/c/2024-12-05/doc-incykhfu6794145.shtml,12-05 09:16
[全部],光大期货：12月5日软商品日报,https://finance.sina.com.cn/money/future/fmnews/2024-12-05/doc-incykhfx3256878.shtml,12-05 09:16
[全部],光大期货：12月5日有色金属日报,https://finance.sina.com.cn/money/future/fmnews/2024-12-05/doc-incykhfu6793261.shtml,12-05 09:15
[全部],光大期货：12月5日能源化工日报,https://finance.sina.com.cn/money/future/fmnews/2024-12-05/doc-incykhft0018572.shtml,12-05 09:15
[全部],【市场聚焦】铝：原料强产品弱，继续挤压冶炼利润,https://finance.sina.com.cn/money/future/fmnews/2024-12-05/doc-incyknps6670411.shtml,12-05 09:15
[全部],【市场聚焦】宏观：十债收益率破2.0%是否就是终点,https://finance.sina.com.cn/money/future/fmnews/2024-12-05/doc-incyknps6670216.shtml,12-05 09:15
[全部],【产业调研】花生：广西行（一）,https://finance.sina.com.cn/money/future/fmnews/2024-12-05/doc-incyknpv3132690.shtml,12-05 09:15
[全部],在美国爆火的“网红券商”Robinhood，将于明年进军亚洲市场,https://finance.sina.com.cn/stock/hkstock/ggscyd/2024-12-05/doc-incyknpw9909506.shtml,12-05 09:14
[全部],深江铁路13名现场作业人员失联，施工单位6月曾开展安全生产宣誓,https://finance.sina.com.cn/roll/2024-12-05/doc-incykhfx3255511.shtml,12-05 09:13
[全部],朱啸虎曝张予桐隐瞒重大利益冲突，月之暗面为循环智能内部项目？公司暂无回应,https://finance.sina.com.cn/tech/internet/2024-12-05/doc-incykhfx3253645.shtml,12-05 09:11
[全部],“傲慢”的优衣库在华失宠：业绩疲软，涨价遭平替“反杀” | BUG,https://finance.sina.com.cn/chanjing/gsnews/2024-12-05/doc-incykhfx3252597.shtml,12-05 09:10
[全部],100万个GPU！马斯克要把Colossus AI超算集群扩大十倍，AI基建军备竞赛继续,https://finance.sina.com.cn/roll/2024-12-05/doc-incykhfx3258281.shtml,12-05 09:10
[全部],诡不诡异？美联储官员连番放“鹰” 但12月降息概率还在涨！,https://finance.sina.com.cn/roll/2024-12-05/doc-incykhfz0027104.shtml,12-05 09:02
[全部],期市开盘：氧化铝涨超1% 玉米等跌超2%,https://finance.sina.com.cn/money/future/fmnews/2024-12-05/doc-incykhfz0024377.shtml,12-05 09:01
[全部],比亚迪新能源汽车拆解，看看用的都有哪些芯片？,https://finance.sina.com.cn/tech/roll/2024-12-04/doc-incyhuer3875674.shtml,12-05 09:00
[全部],中国汽车芯片联盟发布白名单 2.0，面向车企内部参考使用,https://finance.sina.com.cn/tech/roll/2024-12-04/doc-incyhuer3874951.shtml,12-05 09:00
[全部],第10讲：SiC的加工工艺（2）栅极绝缘层,https://finance.sina.com.cn/tech/roll/2024-12-04/doc-incyhuer3874742.shtml,12-05 09:00
[全部],AI需求强劲，芯片公司Marvell销售额环比猛增19%,https://finance.sina.com.cn/tech/roll/2024-12-04/doc-incyhuet0651607.shtml,12-05 09:00
[全部],AMD 官宣 CES 2025 发布会，将展示“游戏领域的下一代创新”,https://finance.sina.com.cn/tech/roll/2024-12-04/doc-incyhiqx0819557.shtml,12-05 09:00
[全部],加码花钱消灾：苹果愿为解除iPhone 16销售禁令投资印尼10亿美元,https://finance.sina.com.cn/tech/roll/2024-12-04/doc-incyhiqv4042427.shtml,12-05 09:00
[全部],勇利投资公布将于12月5日上午起复牌,https://finance.sina.com.cn/stock/hkstock/ggscyd/2024-12-05/doc-incykhfu6784762.shtml,12-05 08:58
[全部],韩国执政党党首称将努力阻止国会通过尹锡悦弹劾提案,https://finance.sina.com.cn/stock/usstock/c/2024-12-05/doc-incykhfz0019984.shtml,12-05 08:51
[全部],TikTok商店“黑色星期五”销售额增长两倍 突破1亿美元,https://finance.sina.com.cn/stock/usstock/c/2024-12-05/doc-incykhfz0019641.shtml,12-05 08:50
[全部],MicroStrategy 年内已出售超 60 亿美元可转换票据购买比特币,https://finance.sina.com.cn/blockchain/roll/2024-12-05/doc-incykhfz0018110.shtml,12-05 08:46
[全部],又一大国领袖为加密货币摇旗呐喊！普京：比特币比外汇储备更好,https://finance.sina.com.cn/roll/2024-12-05/doc-incykhfz0017851.shtml,12-05 08:45
[全部],贝莱德智库负责人：青睐海外债券甚于美国国债,https://finance.sina.com.cn/stock/usstock/c/2024-12-05/doc-incykhfu6779961.shtml,12-05 08:45
[全部],"空中客车削减逾2,000个防务与航天岗位",https://finance.sina.com.cn/stock/usstock/c/2024-12-05/doc-incykhfz0017109.shtml,12-05 08:44
[全部],标普：韩国政治动荡不太可能触发评级调整,https://finance.sina.com.cn/stock/usstock/c/2024-12-05/doc-incykhfz0016752.shtml,12-05 08:43
[全部],赢家时尚根据股份奖励计划购买25万股,https://finance.sina.com.cn/stock/hkstock/ggscyd/2024-12-05/doc-incykhfu6778546.shtml,12-05 08:41
[全部],中国心连心化肥公布6万吨聚甲醛项目已经竣工并进入试生产阶段,https://finance.sina.com.cn/stock/hkstock/ggscyd/2024-12-05/doc-incykhft0004002.shtml,12-05 08:41
[全部],彩客新能源完成出售彩客科技合共约3.76%股权,https://finance.sina.com.cn/stock/hkstock/ggscyd/2024-12-05/doc-incykhfx3238824.shtml,12-05 08:40
[全部],百胜中国12月3日斥资468.58万港元回购1.28万股,https://finance.sina.com.cn/stock/hkstock/ggscyd/2024-12-05/doc-incykhfu6778495.shtml,12-05 08:40
[全部],固生堂12月4日斥资274.07万港元回购8.31万股,https://finance.sina.com.cn/stock/hkstock/ggscyd/2024-12-05/doc-incykhfx3238785.shtml,12-05 08:40
[全部],德永佳集团将于2025年1月8日派发特别股息每股0.03港元,https://finance.sina.com.cn/stock/hkstock/ggscyd/2024-12-05/doc-incykhfx3238774.shtml,12-05 08:40
[全部],快手-W12月4日斥资3829.6万港元回购81万股,https://finance.sina.com.cn/stock/hkstock/ggscyd/2024-12-05/doc-incykhft0003940.shtml,12-05 08:40
[全部],迪士尼股息大涨33% 流媒体盈利助力未来三年高增长,https://finance.sina.com.cn/stock/hkstock/ggscyd/2024-12-05/doc-incykhfx3238473.shtml,12-05 08:36
[全部],12月5日操盘必读：影响股市利好或利空消息,https://finance.sina.com.cn/stock/cpbd/2024-12-05/doc-incykhfu6776892.shtml,12-05 08:33
[全部],股海导航 12月5日沪深股市公告与交易提示,https://finance.sina.com.cn/stock/s/2024-12-05/doc-incykhfz0013573.shtml,12-05 08:32
[全部],12月5日四大证券报头版头条内容精华摘要,https://finance.sina.com.cn/stock/y/2024-12-05/doc-incykhfu6775961.shtml,12-05 08:31
[全部],博雅互动因购股权获行使而发行合计58.5万股,https://finance.sina.com.cn/stock/hkstock/ggscyd/2024-12-05/doc-incykhft0001297.shtml,12-05 08:31
[全部],特朗普再度提振！比特币一度重回99000美元大关,https://finance.sina.com.cn/roll/2024-12-05/doc-incykhfx3242597.shtml,12-05 08:31
[全部],Meta拟投100亿美元在路易斯安那州建AI数据中心,https://finance.sina.com.cn/stock/usstock/c/2024-12-05/doc-incykhfu6775326.shtml,12-05 08:30
[全部],易鑫集团第三季度融资总额达185亿元 金融科技业务实现显著增长,https://finance.sina.com.cn/stock/hkstock/ggscyd/2024-12-05/doc-incykhfs9999827.shtml,12-05 08:26
[全部],百济神州授出购股权及受限制股份单位,https://finance.sina.com.cn/stock/hkstock/ggscyd/2024-12-05/doc-incykhfu6773994.shtml,12-05 08:24
[全部],韩国将启动40万亿韩元市场稳定基金,https://finance.sina.com.cn/stock/usstock/c/2024-12-05/doc-incykhfz0010832.shtml,12-05 08:24
[全部],燕之屋根据H股激励计划授出相当于655.75万股相关H股的信托受益权份额,https://finance.sina.com.cn/stock/hkstock/ggscyd/2024-12-05/doc-incykhfs9999328.shtml,12-05 08:24
[全部],东方大学城控股附属拟1100万元出售河北廊坊的办公楼1号楼,https://finance.sina.com.cn/stock/hkstock/ggscyd/2024-12-05/doc-incykhfu6773629.shtml,12-05 08:22
[全部],福田股份：股份合并将于12月6日生效,https://finance.sina.com.cn/stock/hkstock/ggscyd/2024-12-05/doc-incykhfu6773032.shtml,12-05 08:20
[全部],曹操出行三年半巨亏77亿：负债率攀升至149%，营销费用大增,https://finance.sina.com.cn/stock/hkstock/2024-12-05/doc-incyknpw9947582.shtml,12-05 08:20
[全部],多点数智港交所圆梦另面：持续亏损39亿，近八成关联交易依赖物美,https://finance.sina.com.cn/stock/hkstock/2024-12-05/doc-incyknps6701034.shtml,12-05 08:20
[全部],福田股份拟向广州环科环保科技注资,https://finance.sina.com.cn/stock/hkstock/ggscyd/2024-12-05/doc-incykhfx3231987.shtml,12-05 08:19
[全部],基地锦标集团与杰鹏游艇订立战略合作协议,https://finance.sina.com.cn/stock/hkstock/ggscyd/2024-12-05/doc-incykhfs9998169.shtml,12-05 08:18
[全部],赣锋锂业：Minera Exar已在阿根廷完成发行5000万美元境外债券,https://finance.sina.com.cn/stock/hkstock/ggscyd/2024-12-05/doc-incykhfu6772565.shtml,12-05 08:17
[全部],造船业景气度延续 船企纷纷表示在手订单饱满,https://finance.sina.com.cn/stock/observe/2024-12-05/doc-incykhfx3231787.shtml,12-05 08:17
[全部],M1统计口径扩围背后：个人活期存款逐步成为流动性极强的支付工具,https://finance.sina.com.cn/money/bank/bank_hydt/2024-12-05/doc-incykhfu6772097.shtml,12-05 08:14
[全部],美联储官员突然“放鹰”：12月起有可能暂停降息！,https://finance.sina.com.cn/roll/2024-12-05/doc-incykhfx3231124.shtml,12-05 08:14
[全部],鲍威尔称不担心特朗普上台后美联储丧失独立性,https://finance.sina.com.cn/stock/usstock/c/2024-12-05/doc-incykhfz0007899.shtml,12-05 08:14
[全部],港龙中国地产委任中正天恒会计师为公司核数师,https://finance.sina.com.cn/stock/hkstock/ggscyd/2024-12-05/doc-incykhfs9997094.shtml,12-05 08:13
[全部],人民日报刊评：“该改的坚决改，不该改的不改”,https://finance.sina.com.cn/china/2024-12-05/doc-incykhfs9997409.shtml,12-05 08:12
[全部],建业新生活委任栢淳会计师事务所为新核数师,https://finance.sina.com.cn/stock/hkstock/ggscyd/2024-12-05/doc-incykhfu6771224.shtml,12-05 08:11
[全部],资本界金控与海南银亚汽车运输签订战略合作意向书,https://finance.sina.com.cn/stock/hkstock/ggscyd/2024-12-05/doc-incykhfu6771019.shtml,12-05 08:10
[全部],资本界金控公布黄少华获委任为授权代表,https://finance.sina.com.cn/stock/hkstock/ggscyd/2024-12-05/doc-incykhfz0006675.shtml,12-05 08:09
[全部],勇利投资获华建有限公司折让约8.83%提全购要约 今日复牌,https://finance.sina.com.cn/stock/hkstock/ggscyd/2024-12-05/doc-incykhfx3229346.shtml,12-05 08:09
[全部],绿城中国：绿城建设管理向石家庄兴石提供项目管理服务,https://finance.sina.com.cn/stock/hkstock/ggscyd/2024-12-05/doc-incykhfu6770437.shtml,12-05 08:08
[全部],东风集团股份建议委任刘艳红为非执行董事,https://finance.sina.com.cn/stock/hkstock/ggscyd/2024-12-05/doc-incykhfu6770172.shtml,12-05 08:07
[全部],新秀丽12月4日斥资1427.83万港元回购65.64万股,https://finance.sina.com.cn/stock/hkstock/ggscyd/2024-12-05/doc-incykhfu6770050.shtml,12-05 08:06
[全部],券商试点“跨境理财通”正式展业 多家公司“首单”业务落地,https://finance.sina.com.cn/stock/quanshang/qsyj/2024-12-05/doc-incykhfu6770054.shtml,12-05 08:05
[全部],尹锡悦任命韩国驻沙特大使为新任国防部长,https://finance.sina.com.cn/stock/usstock/c/2024-12-05/doc-incykhfx3228164.shtml,12-05 08:05
[全部],宏光半导体根据股份奖励计划授出合共6756.55万股奖励股份,https://finance.sina.com.cn/stock/hkstock/ggscyd/2024-12-05/doc-incykhfs9994901.shtml,12-05 08:04
[全部],日韩股市高开 韩国KOSPI指数开盘上涨0.3%,https://finance.sina.com.cn/stock/usstock/c/2024-12-05/doc-incykhfs9994786.shtml,12-05 08:03
