标题,链接,时间
汪涛：城乡居民基础养老金如果翻倍，能起到事半功倍作业,https://finance.sina.com.cn/hy/hyjz/2024-12-13/doc-inczieft9083569.shtml,12-13 15:24
收评：集运指数涨超7% 焦炭跌超3%,https://finance.sina.com.cn/money/future/fmnews/2024-12-13/doc-incziefv5859580.shtml,12-13 15:23
汪涛：我国出口再次处在复苏强劲状态，预计今年制造业产品贸易顺差将会上升,https://finance.sina.com.cn/hy/hyjz/2024-12-13/doc-incziefr2706541.shtml,12-13 15:23
英镑下挫 英国10月份经济意外萎缩,https://finance.sina.com.cn/stock/usstock/c/2024-12-13/doc-inczhxxt2835167.shtml,12-13 15:18
欧洲央行Muller：欧洲经济复苏料将缓慢,https://finance.sina.com.cn/stock/usstock/c/2024-12-13/doc-inczhxxx5986550.shtml,12-13 15:18
首提合理控制新增房地产用地供应，2025年土地市场迎来“去库存”新阶段,https://finance.sina.com.cn/roll/2024-12-13/doc-inczhxxx5987054.shtml,12-13 15:18
清华教授田轩：要包容失败，不光是耐心资本还要有大胆资本,https://finance.sina.com.cn/meeting/2024-12-13/doc-inczhxxv9209869.shtml,12-13 15:18
锦程消金股权变更！马来西亚丰隆银行转让10%股权,https://finance.sina.com.cn/jjxw/2024-12-13/doc-inczhxxx5986269.shtml,12-13 15:15
澳大利亚大型养老基金罕见配置比特币期货,https://finance.sina.com.cn/stock/usstock/c/2024-12-13/doc-inczhxxr6058023.shtml,12-13 15:13
李玉洁:徽商期货皖美乡村行 走进安庆市杨亭村镇江村,https://finance.sina.com.cn/money/future/fmnews/2024-12-13/doc-inczhxxr6058010.shtml,12-13 15:13
首次突破1.4万亿斤，再获丰收！,https://finance.sina.com.cn/china/2024-12-13/doc-inczhxxt2835404.shtml,12-13 15:13
程晓刚:徽商期货创新案例荣膺2024年百城千企新质生产力优秀案例,https://finance.sina.com.cn/money/future/fmnews/2024-12-13/doc-inczhxxv9205112.shtml,12-13 15:10
经历动荡一周 韩国KOSPI指数本周上涨2.7%,https://finance.sina.com.cn/stock/usstock/c/2024-12-13/doc-inczhxxr6055313.shtml,12-13 15:09
中央敲定明年财政支出重点，养老金将适当提高,https://finance.sina.com.cn/roll/2024-12-13/doc-inczhxxx5981728.shtml,12-13 15:09
万顺:期货助力乡村振兴 走进安徽省旌德县南关村,https://finance.sina.com.cn/money/future/fmnews/2024-12-13/doc-inczhxxr6054876.shtml,12-13 15:08
清华教授田轩：资本市场要开放不能封闭,https://finance.sina.com.cn/meeting/2024-12-13/doc-inczhxxr6054859.shtml,12-13 15:07
特发信息投资者已向法院提交立案，投资索赔征集,https://finance.sina.com.cn/stock/gmwq/rightscase/2024-12-13/doc-inczhxxx5979457.shtml,12-13 15:06
清华教授田轩：发现你的清华室友孤僻冷漠不好相处，要好好珍惜他，因为他可能是“超级创业者”,https://finance.sina.com.cn/meeting/2024-12-13/doc-inczhxxv9202888.shtml,12-13 15:05
清华教授田轩：“金融羞耻论”出来了，都不好意思说自己是搞金融的,https://finance.sina.com.cn/meeting/2024-12-13/doc-inczhxxt2827329.shtml,12-13 15:05
ST智云（智云股份）股票索赔：涉嫌信披违法拟受处罚，投资者索赔须知,https://finance.sina.com.cn/stock/gmwq/rightscase/2024-12-13/doc-inczhxxx5979019.shtml,12-13 15:05
仁智股份股票索赔案法院受理，受损股民可诉讼,https://finance.sina.com.cn/stock/gmwq/rightscase/2024-12-13/doc-inczhxxv9201397.shtml,12-13 15:04
Y份额，新增纳入！,https://finance.sina.com.cn/money/fund/jjh/2024-12-13/doc-inczhxxv9196780.shtml,12-13 15:00
华夏基金：指数产品入围个养 提升投资效率、透明度和投资体验,https://finance.sina.com.cn/money/fund/jjh/2024-12-13/doc-inczhxxv9195596.shtml,12-13 14:58
净值跌到0.6764元，平安资管这款产品业绩有点惨,https://finance.sina.com.cn/jjxw/2024-12-13/doc-inczhxxx5975754.shtml,12-13 14:57
长安期货范磊：BU中性或得到维持，买保裂解布局值得关注,https://finance.sina.com.cn/money/future/fmnews/2024-12-13/doc-inczhxxr6048820.shtml,12-13 14:57
白酒龙头批量发布蛇年新品！资金跑步进场，食品ETF（515710）连获资金回流！机构：看好食饮板块布局机会,https://finance.sina.com.cn/money/fund/etf/2024-12-13/doc-inczhxxr6048776.shtml,12-13 14:56
一键布局科创板芯片龙头 科创芯片ETF富国今日起正式发行,https://finance.sina.com.cn/money/fund/jjh/2024-12-13/doc-inczhxxt2823157.shtml,12-13 14:56
农业银行跟进个人外币钞汇同价，近期多家国有大行优化升级相关服务,https://finance.sina.com.cn/roll/2024-12-13/doc-inczhxxx5972032.shtml,12-13 14:54
来美国参加个婚礼就被捕了？特朗普的移民政策能落地吗？,https://finance.sina.com.cn/jjxw/2024-12-13/doc-inczhxxx5970132.shtml,12-13 14:52
中信科移动完成IMT-2020(5G)推进组5G-A宽带实时交互测试,https://finance.sina.com.cn/stock/relnews/cn/2024-12-13/doc-inczhxxx5971848.shtml,12-13 14:52
李稻葵：明年是房地产重要转折年，北上广等重点城市或将转稳,https://finance.sina.com.cn/hy/hyjz/2024-12-13/doc-inczhxxt2820957.shtml,12-13 14:46
李稻葵：中国经济是一个大经济体，自身调整到位将对明年世界经济增长和金融稳定起到稳定作用,https://finance.sina.com.cn/hy/hyjz/2024-12-13/doc-inczhxxr6045825.shtml,12-13 14:42
李稻葵：2025年是一个非常期待的经济和金融发展之年,https://finance.sina.com.cn/hy/hyjz/2024-12-13/doc-inczhxxt2820151.shtml,12-13 14:41
以军扩大戈兰高地占领区,https://finance.sina.com.cn/stock/usstock/c/2024-12-13/doc-inczhxxr6047055.shtml,12-13 14:35
李稻葵：我国最大优势就是潜在的内需，把这篇文章做好就会在全球经济中立于不败之地,https://finance.sina.com.cn/hy/hyjz/2024-12-13/doc-inczhxxr6045064.shtml,12-13 14:35
如何短期内拉动消费？李稻葵建议：给消费补贴，拉动消费量,https://finance.sina.com.cn/hy/hyjz/2024-12-13/doc-inczhxxr6044882.shtml,12-13 14:33
四部门：深入开展“一链一策一批”中小微企业融资促进行动,https://finance.sina.com.cn/jjxw/2024-12-13/doc-inczhxxv9187876.shtml,12-13 14:31
港媒披露：法国总统马克龙计划在新的一年访华,https://finance.sina.com.cn/jjxw/2024-12-13/doc-inczhxxv9186351.shtml,12-13 14:26
美媒：为结束俄乌冲突，特朗普初步努力轮廓“首次浮现”，提到欧洲向乌派兵监督停火,https://finance.sina.com.cn/jjxw/2024-12-13/doc-inczhxxv9186402.shtml,12-13 14:26
李稻葵：英伟达的股票今年涨180%去年涨过200%，有一定泡沫的因素,https://finance.sina.com.cn/hy/hyjz/2024-12-13/doc-inczhxxr6042497.shtml,12-13 14:24
比亚迪首席科学家廉玉波：新能源汽车产业链整体抗风险能力还有待提升,https://finance.sina.com.cn/meeting/2024-12-13/doc-inczhxxx5962406.shtml,12-13 14:22
比亚迪首席科学家廉玉波：预计实现全年425万台新能源整车年度销量,https://finance.sina.com.cn/meeting/2024-12-13/doc-inczhxxt2816197.shtml,12-13 14:21
小微企业融资协调工作机制新进展！,https://finance.sina.com.cn/money/bank/bank_hydt/2024-12-13/doc-inczhxxv9187194.shtml,12-13 14:21
高澜股份：高澜创新为字节跳动公司提供12U浸没液冷模组,https://finance.sina.com.cn/jjxw/2024-12-13/doc-inczhxxv9184548.shtml,12-13 14:20
台积电在日本熊本县的首家工厂接近量产,https://finance.sina.com.cn/jjxw/2024-12-13/doc-inczhxxx5961538.shtml,12-13 14:20
山东玻纤盘中跌停，上演“天地板”,https://finance.sina.com.cn/jjxw/2024-12-13/doc-inczhxxx5961372.shtml,12-13 14:18
印尼央行称大力度干预汇市 以支撑印尼盾,https://finance.sina.com.cn/stock/usstock/c/2024-12-13/doc-inczhxxx5960910.shtml,12-13 14:18
Pimco和富达认为欧元区经济前景疲软 欧洲央行降息幅度或超市场预期,https://finance.sina.com.cn/stock/usstock/c/2024-12-13/doc-inczhxxv9183637.shtml,12-13 14:18
高澜股份：子公司为字节跳动公司提供12U浸没液冷模组,https://finance.sina.com.cn/stock/relnews/cn/2024-12-13/doc-inczhxxx5960674.shtml,12-13 14:17
资金加速流入，全球ETF规模突破15万亿美元，主动和杠杆ETF成新宠,https://finance.sina.com.cn/roll/2024-12-13/doc-inczhxxv9186035.shtml,12-13 14:16
山东玻纤盘中跌停，上演“天地板”,https://finance.sina.com.cn/stock/relnews/cn/2024-12-13/doc-inczhxxx5960301.shtml,12-13 14:15
明年中国经济怎么干？中央经济工作会议透露十大看点,https://finance.sina.com.cn/jjxw/2024-12-13/doc-inczhxxv9182665.shtml,12-13 14:12
旅游及酒店板块异动拉升，西安旅游、曲江文旅涨停,https://finance.sina.com.cn/jjxw/2024-12-13/doc-inczhxxv9181620.shtml,12-13 14:09
中再产险王忠曜：服务千企万户，助力普惠金融发展 发挥再保险功能做好金融“五篇大文章”,https://finance.sina.com.cn/money/insurance/bxdt/2024-12-13/doc-inczhxxx5958120.shtml,12-13 14:07
多国调查英伟达,https://finance.sina.com.cn/stock/relnews/us/2024-12-13/doc-inczhxxx5960194.shtml,12-13 14:07
全国首批！合肥入选！,https://finance.sina.com.cn/roll/2024-12-13/doc-inczhxxv9184011.shtml,12-13 14:06
硅谷芯王，为什么是黄仁勋和英伟达？,https://finance.sina.com.cn/roll/2024-12-13/doc-inczhxxv9181341.shtml,12-13 14:04
华为与香港大学建设新一代智慧校园，基于 Wi-Fi 7 打造万兆校园网,https://finance.sina.com.cn/tech/digi/2024-12-13/doc-inczhxxv9185080.shtml,12-13 14:04
大摩：预计2025年香港住宅楼价跌5% 楼市或平稳见底,https://finance.sina.com.cn/stock/hkstock/hkgg/2024-12-13/doc-inczhxxv9182624.shtml,12-13 14:04
首创证券：医药行业有望迎来边际改善,https://finance.sina.com.cn/jjxw/2024-12-13/doc-inczhxxv9179958.shtml,12-13 14:04
亚马逊向特朗普就职典礼捐赠100万美元，将在Prime Video上直播,https://finance.sina.com.cn/stock/usstock/c/2024-12-13/doc-inczhxxr6035800.shtml,12-13 14:03
存储芯片概念震荡走强，普冉股份20CM涨停,https://finance.sina.com.cn/stock/relnews/cn/2024-12-13/doc-inczhxxx5956458.shtml,12-13 14:02
上海鹏图与山东京奥携手签约潍坊市长三角地区产业链重点合作项目,https://finance.sina.com.cn/roll/2024-12-13/doc-inczhxxv9182235.shtml,12-13 14:01
美股空头几乎全线倒戈！现在只剩两家机构依旧看空,https://finance.sina.com.cn/stock/relnews/us/2024-12-13/doc-inczhxxx5958150.shtml,12-13 14:01
申华控股管理层赴德融科技考察交流,https://finance.sina.com.cn/roll/2024-12-13/doc-inczhxxv9184721.shtml,12-13 14:01
半导体产业链活跃，普冉股份涨超18%,https://finance.sina.com.cn/jjxw/2024-12-13/doc-inczhxxv9178887.shtml,12-13 14:00
极越“暴雷”！李彦宏的造车梦，该醒了！,https://finance.sina.com.cn/wm/2024-12-13/doc-inczhxxv9181998.shtml,12-13 14:00
上海交大高金严弘：全国碳市场要争取尽快实现扩容,https://finance.sina.com.cn/meeting/2024-12-13/doc-inczhxxx5955890.shtml,12-13 14:00
乌高官希望“欧洲军事特遣队”进驻,https://finance.sina.com.cn/stock/usstock/c/2024-12-13/doc-inczhxxr6047469.shtml,12-13 13:57
债市——多头战神,https://finance.sina.com.cn/roll/2024-12-13/doc-inczhxxx5957812.shtml,12-13 13:57
利率狂飙也纠结，明年还怎么混？,https://finance.sina.com.cn/roll/2024-12-13/doc-inczhxxx5957793.shtml,12-13 13:57
大家人寿郁华：新时代新格局、新征程新作为 奋力开启高质量发展新篇章,https://finance.sina.com.cn/money/insurance/bxdt/2024-12-13/doc-inczhxxt2808647.shtml,12-13 13:56
智能驾驶概念局部异动 上汽集团午后涨停,https://finance.sina.com.cn/stock/2024-12-13/doc-inczhxxr6033877.shtml,12-13 13:56
继续行使权力，尹锡悦一口气批准42项！,https://finance.sina.com.cn/jjxw/2024-12-13/doc-inczhxxv9177910.shtml,12-13 13:56
坤泰股份受邀参加烟台市民营企业座谈会 共谋高质量发展,https://finance.sina.com.cn/roll/2024-12-13/doc-inczhxxv9177968.shtml,12-13 13:53
无人驾驶概念局部走强，中海达、上汽集团涨停,https://finance.sina.com.cn/stock/relnews/cn/2024-12-13/doc-inczhxxv9177268.shtml,12-13 13:53
沪深两市成交额突破1.5万亿元,https://finance.sina.com.cn/jjxw/2024-12-13/doc-inczhxxv9177341.shtml,12-13 13:53
特朗普“双喜临门”：赴纽交所“敲开市钟”，再成《时代》“年度人物”,https://finance.sina.com.cn/stock/usstock/c/2024-12-13/doc-inczhxxx5971482.shtml,12-13 13:52
全球金融科技中心发展指数（2024）发布 上海、北京、深圳、香港名列前十,https://finance.sina.com.cn/roll/2024-12-13/doc-inczhxxx5954926.shtml,12-13 13:51
IMF驻华首席代表：从世界货币组织角度来说，全球最大经济体是中国,https://finance.sina.com.cn/meeting/2024-12-13/doc-inczhxxv9176720.shtml,12-13 13:51
大连圣亚午后涨停，股价创历史新高,https://finance.sina.com.cn/jjxw/2024-12-13/doc-inczhxxx5953359.shtml,12-13 13:48
三大因素强势助力，2025年金价有望进一步上涨,https://finance.sina.com.cn/money/nmetal/hjzx/2024-12-13/doc-inczhxxv9176054.shtml,12-13 13:47
高鑫零售午后涨超6% 宣派中期息每股0.17港元,https://finance.sina.com.cn/stock/hkstock/marketalerts/2024-12-13/doc-inczhxxx5952898.shtml,12-13 13:46
关于“永辉超市”（601933）、“益民集团”（600824）等证券交易异常波动的风险提示,https://finance.sina.com.cn/roll/2024-12-13/doc-inczhxxv9175991.shtml,12-13 13:46
关于“山东玻纤”（605006）证券交易严重异常波动的风险提示,https://finance.sina.com.cn/roll/2024-12-13/doc-inczhxxv9175995.shtml,12-13 13:46
国盛金控上演“地天板”,https://finance.sina.com.cn/roll/2024-12-13/doc-inczhxxv9176719.shtml,12-13 13:44
800万条轮胎项目启动,https://finance.sina.com.cn/roll/2024-12-13/doc-inczhxxv9178043.shtml,12-13 13:44
财政部发行2年期债券 规模950亿元、利率1.0600%,https://finance.sina.com.cn/stock/estate/integration/2024-12-13/doc-inczhxxx5958106.shtml,12-13 13:44
荣程文化集团与⼭东轻⼯职业学院签署战略合作协议,https://finance.sina.com.cn/roll/2024-12-13/doc-inczhxxx5954997.shtml,12-13 13:42
国内绿色金融发展从单一领域到多领域协同 促进绿色债券市场规范化,https://finance.sina.com.cn/roll/2024-12-13/doc-inczhxxv9177677.shtml,12-13 13:41
QDII基金如何“便捷”布局海外资产？,https://finance.sina.com.cn/roll/2024-12-13/doc-inczhxxx5954799.shtml,12-13 13:41
平安证券：预计2025年上市银行整体净利润增速为1%,https://finance.sina.com.cn/jjxw/2024-12-13/doc-inczhxxx5951187.shtml,12-13 13:37
国盛金控午后触及涨停，上演“地天板”,https://finance.sina.com.cn/jjxw/2024-12-13/doc-inczhxxx5950859.shtml,12-13 13:36
国盛金控“地天板” 成交额近34亿,https://finance.sina.com.cn/roll/2024-12-13/doc-inczhxxx5950538.shtml,12-13 13:35
字节旗下豆包APP用户跃居全球第二，相关概念股集体大涨，环球印务等多股涨停,https://finance.sina.com.cn/jjxw/2024-12-13/doc-inczhxxx5951124.shtml,12-13 13:35
【金融发展】提升钢材期货交割便利度｜钢材期货注册仓单量创近五年新高,https://finance.sina.com.cn/roll/2024-12-13/doc-inczhxxv9175786.shtml,12-13 13:34
许之彦：指数基金纳入个人养老金产品范围 标志着中国第三支柱养老金制度取得重大突破,https://finance.sina.com.cn/money/fund/original/2024-12-13/doc-inczhxxx5949977.shtml,12-13 13:34
小米手机中国市场激活量份额同比大涨 拿下11月冠军,https://finance.sina.com.cn/stock/relnews/hk/2024-12-13/doc-inczhxxx5956057.shtml,12-13 13:32
小米手机中国市场激活量份额同比大涨 拿下11月冠军,https://finance.sina.com.cn/tech/roll/2024-12-13/doc-inczhxxx5980415.shtml,12-13 13:32
壮大耐心资本、深化投融资改革，中央定调积极改善资本市场预期,https://finance.sina.com.cn/roll/2024-12-13/doc-inczhxxx5949895.shtml,12-13 13:30
泉果思源三年持有期混合C（018330）近一年回报达12.55%,https://finance.sina.com.cn/jjxw/2024-12-13/doc-inczhxxx5949372.shtml,12-13 13:28
报告：今年国内游戏市场销售收入和游戏用户齐创历史新高,https://finance.sina.com.cn/jjxw/2024-12-13/doc-inczhxxv9171277.shtml,12-13 13:26
中央经济工作会议：适时降准降息，保持流动性充裕,https://finance.sina.com.cn/stock/wbstock/2024-12-13/doc-inczhxxv9175593.shtml,12-13 13:26
抖音概念持续走强，午后蜂助手、城地香江、若羽臣涨停,https://finance.sina.com.cn/jjxw/2024-12-13/doc-inczhxxv9170763.shtml,12-13 13:26
有望达到500吨？中国黄金ETF未来展望,https://finance.sina.com.cn/money/nmetal/hjzx/2024-12-13/doc-inczhxxx5953542.shtml,12-13 13:25
德国、法国、波兰等多国发表《柏林宣言》：乌克兰加入北约不可逆转！俄军称在137个地区打击乌军,https://finance.sina.com.cn/roll/2024-12-13/doc-inczhxxx5946400.shtml,12-13 13:20
冬季来临 冰雪产业站上风口！西岭雪山概念股实现三连板,https://finance.sina.com.cn/stock/relnews/cn/2024-12-13/doc-inczhxxv9172153.shtml,12-13 13:19
大会定调！明年的楼市走向，确定了！,https://finance.sina.com.cn/jjxw/2024-12-13/doc-inczhxxv9175731.shtml,12-13 13:17
抖音概念持续走强 蜂助手等多股午后涨停,https://finance.sina.com.cn/stock/2024-12-13/doc-inczhxxt2798803.shtml,12-13 13:17
概伦电子亮相ICCAD，践行DTCO理念，共建产业生态,https://finance.sina.com.cn/roll/2024-12-13/doc-inczhxxx5950506.shtml,12-13 13:15
加密货币市场再次剧烈波动！超11万人爆仓,https://finance.sina.com.cn/stock/zqgd/2024-12-13/doc-inczhxxv9167970.shtml,12-13 13:15
12月13日保险日报丨个人养老金全国推开，保险业迎历史性政策机遇期！年内超40家险企股权腾挪,https://finance.sina.com.cn/money/insurance/bxdt/2024-12-13/doc-inczhxxv9168462.shtml,12-13 13:14
农业银行优化升级个人外币钞汇服务：实施钞汇同价 对所有币种免收钞汇转换价差,https://finance.sina.com.cn/jryx/bank/2024-12-13/doc-inczhxxr6023256.shtml,12-13 13:13
TGA年度最佳动作游戏奖！《黑神话：悟空》创中国游戏新里程碑,https://finance.sina.com.cn/jjxw/2024-12-13/doc-inczhxxx5946244.shtml,12-13 13:13
通信服务板块走高，蜂助手等涨停,https://finance.sina.com.cn/jjxw/2024-12-13/doc-inczhxxv9166830.shtml,12-13 13:12
小米集团逆势涨近2%创阶段新高，传正筹备汽车出海业务,https://finance.sina.com.cn/stock/bxjj/2024-12-13/doc-inczhxxv9167949.shtml,12-13 13:12
通信服务板块走高 蜂助手等涨停,https://finance.sina.com.cn/jjxw/2024-12-13/doc-inczhxxv9165773.shtml,12-13 13:09
华为到访茅台，谈了啥？,https://finance.sina.com.cn/stock/s/2024-12-13/doc-inczhxxv9165850.shtml,12-13 13:04
印尼央行：在印尼盾下跌之际进行了“相当大胆”的干预,https://finance.sina.com.cn/stock/usstock/c/2024-12-13/doc-inczhxxt2795059.shtml,12-13 13:03
国货羽绒服分水岭已显，行业变革“危”与“机”,https://finance.sina.com.cn/jjxw/2024-12-13/doc-inczhxxv9164866.shtml,12-13 13:01
坚持企业家俱乐部十周年庆典：宏景科技董事长欧阳华荣获双奖并分享AI洞见,https://finance.sina.com.cn/roll/2024-12-13/doc-inczhxxv9168352.shtml,12-13 13:00
越疆科技启动招股，12月23日香港上市，第三家18C特专科技公司,https://finance.sina.com.cn/stock/hkstock/ggipo/2024-12-13/doc-inczhxxr6046600.shtml,12-13 13:00
华为电动汽车合作伙伴赛力斯：据报考虑在香港上市,https://finance.sina.com.cn/stock/hkstock/ggipo/2024-12-13/doc-inczhxxv9190674.shtml,12-13 13:00
百利天恒赴香港上市获备案通知书，拟发行不超过2427.10万股,https://finance.sina.com.cn/stock/hkstock/ggipo/2024-12-13/doc-inczhxxt2820922.shtml,12-13 13:00
泰德医药，赴香港上市获备案通知书，拟发行不超过4817.26万股,https://finance.sina.com.cn/stock/hkstock/ggipo/2024-12-13/doc-inczhxxx5967548.shtml,12-13 13:00
科大讯飞分拆「讯飞医疗」香港上市通过IPO聆讯，华泰、广发、建银联席保荐,https://finance.sina.com.cn/stock/roll/2024-12-13/doc-inczhxxt2821222.shtml,12-13 13:00
韩国股市势将抹去戒严风波以来的所有跌幅,https://finance.sina.com.cn/stock/usstock/c/2024-12-13/doc-inczhtrx9293830.shtml,12-13 12:58
美国得州议员提议：建立战略性比特币储备！,https://finance.sina.com.cn/roll/2024-12-13/doc-inczhxxx5943294.shtml,12-13 12:54
土耳其监管机构阻止对数十家加密货币交易所的访问,https://finance.sina.com.cn/stock/usstock/c/2024-12-13/doc-inczhtrx9292868.shtml,12-13 12:53
美国失业率已亮起红灯？法兴警告：明年将面临衰退风险,https://finance.sina.com.cn/jjxw/2024-12-13/doc-inczhtrx9292285.shtml,12-13 12:49
摩根士丹利邢自强：对于中国现在的社保福利支出，“养懒人是奢谈”,https://finance.sina.com.cn/meeting/2024-12-13/doc-inczhtrt6147460.shtml,12-13 12:46
大金融集体回调，沪指半日退守3400点,https://finance.sina.com.cn/roll/2024-12-13/doc-inczhtrz6068582.shtml,12-13 12:45
特朗普支持美国码头工人 雇主不应该用自动化设备取代他们,https://finance.sina.com.cn/stock/usstock/c/2024-12-13/doc-inczhtrt6146897.shtml,12-13 12:44
瑞银：重申康方生物“买入”评级 目标价升至88.1港元,https://finance.sina.com.cn/stock/hkstock/hkgg/2024-12-13/doc-inczhtrt6146040.shtml,12-13 12:41
大摩：江西消费者买手机及平板享15%补贴料其他省份跟随 小米集团等成主要受益者,https://finance.sina.com.cn/stock/hkstock/hkgg/2024-12-13/doc-inczhtrz6067496.shtml,12-13 12:40
A股突变！发生了什么？信心是否还在？,https://finance.sina.com.cn/roll/2024-12-13/doc-inczhtrz6045826.shtml,12-13 12:40
糖市午评：原糖收跌，郑糖增仓下行 20241213,https://finance.sina.com.cn/money/future/fmnews/2024-12-13/doc-inczhtrz6069389.shtml,12-13 12:37
科技大佬纷纷示好 亚马逊、Meta各向特朗普就职基金捐赠100万美元,https://finance.sina.com.cn/stock/usstock/c/2024-12-13/doc-inczhtrt6144940.shtml,12-13 12:37
摩根士丹利邢自强：未来将会有8百万台人形机器人的潜在市场,https://finance.sina.com.cn/meeting/2024-12-13/doc-inczhtrx9291362.shtml,12-13 12:37
摩根士丹利邢自强：消费率偏低的核心原因是预防性储蓄率高,https://finance.sina.com.cn/meeting/2024-12-13/doc-inczhtrx9289601.shtml,12-13 12:36
美亚娱乐资讯公布张展豪获委任为独立非执行董事,https://finance.sina.com.cn/stock/hkstock/ggscyd/2024-12-13/doc-inczhtrt6144683.shtml,12-13 12:36
TATA健康：未就任何可能出售抵押股份订立任何确实交易文件,https://finance.sina.com.cn/stock/hkstock/ggscyd/2024-12-13/doc-inczhtrv2918937.shtml,12-13 12:35
新一轮“开户战”来了！有银行在通知下发当天就已经布置了基层具体营销任务量,https://finance.sina.com.cn/jjxw/2024-12-13/doc-inczhtrx9293574.shtml,12-13 12:34
非法采矿案鉴定认定乱象丛生，自然资源部出台相关规范,https://finance.sina.com.cn/roll/2024-12-13/doc-inczhtrx9288416.shtml,12-13 12:31
《黑神话：悟空》无缘年度游戏，获TGA两项大奖,https://finance.sina.com.cn/roll/2024-12-13/doc-inczhtrz6065552.shtml,12-13 12:30
邦达亚洲:如期降息但释放鸽派信号 欧元承压下行,https://finance.sina.com.cn/money/forex/forexfxyc/2024-12-13/doc-inczhtrv2917293.shtml,12-13 12:27
一图读懂！中央经济工作会议九项重点任务,https://finance.sina.com.cn/wm/2024-12-13/doc-inczhtrz6066816.shtml,12-13 12:25
宗馥莉掌舵100天：管理层、经销商与产品思路的全面调整,https://finance.sina.com.cn/roll/2024-12-13/doc-inczhxxx5949858.shtml,12-13 12:25
韩国财长与三大评级公司召开电话会议 试图打消政治动荡引发的担忧,https://finance.sina.com.cn/stock/usstock/c/2024-12-13/doc-inczhtrv2916559.shtml,12-13 12:24
吉利汽车12月13日根据获采纳认股权计划发行合共42.53万股,https://finance.sina.com.cn/stock/hkstock/ggscyd/2024-12-13/doc-inczhtrt6140032.shtml,12-13 12:18
谷歌与国内消费级AR眼镜厂商XREAL达成战略合作,https://finance.sina.com.cn/roll/2024-12-13/doc-inczhtrx9290525.shtml,12-13 12:13
多指标大幅异于同业！年轻的山西银行迎来二度增资扩股,https://finance.sina.com.cn/money/bank/gsdt/2024-12-13/doc-inczhxxv9174954.shtml,12-13 12:12
14家险企年内发债1175亿！华泰人寿票面利率何故登顶？,https://finance.sina.com.cn/money/insurance/bxyx/2024-12-13/doc-inczhxxx5950002.shtml,12-13 12:12
陈鹏获批天津银行副行长！IT背景、农行履历、跨省上位,https://finance.sina.com.cn/money/bank/gsdt/2024-12-13/doc-inczhxxx5948287.shtml,12-13 12:12
中央经济工作会议首提加力扩围实施“两新”政策 专家：释放出财政和金融配合更大力度支持消费的信号,https://finance.sina.com.cn/roll/2024-12-13/doc-inczhtrx9279641.shtml,12-13 12:06
数字化转型的三个阶段：信息化、数字化、数智化,https://finance.sina.com.cn/roll/2024-12-13/doc-inczhtrz6058916.shtml,12-13 12:04
英伟达在华加速招揽人才！自动驾驶芯片股大涨，这只股盘中大涨超20%,https://finance.sina.com.cn/roll/2024-12-13/doc-inczhtrz6056270.shtml,12-13 12:04
Adobe股价暴跌超13%：业绩指引低于预期，华尔街担忧AI公司冲击,https://finance.sina.com.cn/jjxw/2024-12-13/doc-inczhtrx9278753.shtml,12-13 12:02
午评：港股恒指跌1.66% 恒生科指跌1.95%消费股普遍回调,https://finance.sina.com.cn/stock/hkstock/marketalerts/2024-12-13/doc-inczhtrx9277987.shtml,12-13 12:01
港股午评：指数震荡走低，恒生科技指数跌近2%，内房股集体下挫,https://finance.sina.com.cn/jjxw/2024-12-13/doc-inczhtrz6054409.shtml,12-13 12:01
与责任同行，与价值共生！神州控股荣获ESG多项大奖！,https://finance.sina.com.cn/roll/2024-12-13/doc-inczhtrz6060971.shtml,12-13 12:01
中铝山西新材料氧化铝节能增效升级改造项目初步设计通过专家审查,https://finance.sina.com.cn/roll/2024-12-13/doc-inczhtrx9281089.shtml,12-13 12:00
王坚：人工智能是改变所有科技研究范式的革命性工具,https://finance.sina.com.cn/hy/hyjz/2024-12-13/doc-inczhxxx5973771.shtml,12-13 12:00
报告 | 物联网产业2024年回顾与2025年展望,https://finance.sina.com.cn/roll/2024-12-13/doc-inczhtrx9284361.shtml,12-13 11:59
邬贺铨：广州Shein公司利用基础大模型从女装公司变成54个国家购物首选APP，估值超千亿美元,https://finance.sina.com.cn/hy/hyjz/2024-12-13/doc-inczhtrx9275896.shtml,12-13 11:58
渤海银行信用卡APP关停进入倒计时，降本增效压力下年内多家银行启动迁移,https://finance.sina.com.cn/jjxw/2024-12-13/doc-inczhtrx9278636.shtml,12-13 11:56
国际能源署：尽管OPEC+推迟增产，但明年将出现大量供应过剩,https://finance.sina.com.cn/money/future/fmnews/2024-12-13/doc-inczhtrx9275190.shtml,12-13 11:55
红利资产有望成为明年投资主线，红利板块投资热度升温！标普红利ETF（562060）回调蓄势,https://finance.sina.com.cn/money/fund/jjh/2024-12-13/doc-inczhtrv2906274.shtml,12-13 11:54
唯特偶亮相越南制造峰会，深入布局海外市场,https://finance.sina.com.cn/roll/2024-12-13/doc-inczhtrz6054810.shtml,12-13 11:50
天风证券：黄金的牛市或还没结束 继续维持多头思路,https://finance.sina.com.cn/money/nmetal/hjzx/2024-12-13/doc-inczhtrx9272132.shtml,12-13 11:50
中国股市的转型牛正在形成，A50ETF华宝（159596）盘中震荡迎布局窗口,https://finance.sina.com.cn/money/fund/etf/2024-12-13/doc-inczhtrv2904117.shtml,12-13 11:49
中国船舶租赁现涨超4% 近日与广西文船及黄埔文冲船舶签订租赁协议,https://finance.sina.com.cn/stock/hkstock/marketalerts/2024-12-13/doc-inczhtrz6047745.shtml,12-13 11:45
12月13日共1只基金首发募集,https://finance.sina.com.cn/roll/2024-12-13/doc-inczhtrx9272398.shtml,12-13 11:44
余承东开通抖音账号：一夜涨粉超40万,https://finance.sina.com.cn/jjxw/2024-12-13/doc-inczhtrz6049915.shtml,12-13 11:42
首个省级金融消保监管联动指引出炉，山东金监局：八类情形重点关注，行动不力可采取措施,https://finance.sina.com.cn/roll/2024-12-13/doc-inczhtrz6048096.shtml,12-13 11:41
如果明年18A芯片生产失败，英特尔可能分拆芯片制造业务,https://finance.sina.com.cn/roll/2024-12-13/doc-inczhtrx9272012.shtml,12-13 11:39
午评：集运指数涨超5% 焦炭跌超2%,https://finance.sina.com.cn/money/future/fmnews/2024-12-13/doc-inczhtrv2898443.shtml,12-13 11:36
海昌海洋公园早盘逆市涨近7% 月内股价累涨超五成,https://finance.sina.com.cn/stock/hkstock/marketalerts/2024-12-13/doc-inczhtrv2898051.shtml,12-13 11:35
谷歌联手三星推出全新操作系统Android XR 首款头显产品将于明年上市,https://finance.sina.com.cn/stock/hkstock/ggscyd/2024-12-13/doc-inczhtrx9268267.shtml,12-13 11:35
日元短暂跌破1美元兑153关口，为11月27日以来首次,https://finance.sina.com.cn/jjxw/2024-12-13/doc-inczhtrx9266630.shtml,12-13 11:34
被百度发现70亿元“烂账窟窿”？还原董事会内幕：“极越的崩盘，早已注定”,https://finance.sina.com.cn/stock/relnews/us/2024-12-13/doc-inczhtrz6045136.shtml,12-13 11:34
百万“见面礼”！亚马逊创始人向特朗普就职基金捐赠一百万美元,https://finance.sina.com.cn/jjxw/2024-12-13/doc-inczhtrz6044511.shtml,12-13 11:34
官宣！一地取消公摊,https://finance.sina.com.cn/roll/2024-12-13/doc-inczhtrz6055674.shtml,12-13 11:33
白重恩：增加居民消费，服务业要做优做强做大,https://finance.sina.com.cn/meeting/2024-12-13/doc-inczhtrt6123051.shtml,12-13 11:33
白重恩：“投资是积累，消费是消耗”是一种思维定式,https://finance.sina.com.cn/meeting/2024-12-13/doc-inczhtrt6122476.shtml,12-13 11:32
白重恩：特殊情况之下，短期突破赤字和债务上线可能帮助解决长期问题,https://finance.sina.com.cn/meeting/2024-12-13/doc-inczhtrz6041792.shtml,12-13 11:32
海康威视与多方共同签署合作协议，携手推进渔业场景数字化,https://finance.sina.com.cn/roll/2024-12-13/doc-inczhtrz6045157.shtml,12-13 11:31
比特币最好占投资组合多少？全球最大资管公司建议：2%以内！,https://finance.sina.com.cn/jjxw/2024-12-13/doc-inczhtrx9267229.shtml,12-13 11:31
协会专家顾问工作委员会2024年度第四季度会议顺利召开,https://finance.sina.com.cn/roll/2024-12-13/doc-inczhtrx9272022.shtml,12-13 11:30
午评：指数调整沪指半日跌1.49% 豆包概念股早盘强势,https://finance.sina.com.cn/zxg/zxjx/2024-12-13/doc-inczhtrt6120805.shtml,12-13 11:30
南方小土豆又要出发了？ 冰雪产业板块异动拉升 政策密集出台,https://finance.sina.com.cn/jjxw/2024-12-13/doc-inczhtrx9263415.shtml,12-13 11:29
谋杀案引发行业大变革：美国国会拟议法案欲打破医疗保险垄断,https://finance.sina.com.cn/jjxw/2024-12-13/doc-inczhtrz6044283.shtml,12-13 11:28
大摩：予兖煤澳大利亚“增持”评级 目标价上调至39.93港元,https://finance.sina.com.cn/stock/hkstock/hkgg/2024-12-13/doc-inczhtrz6038980.shtml,12-13 11:26
港股黑芝麻智能一度涨超20%,https://finance.sina.com.cn/jjxw/2024-12-13/doc-inczhtrx9261730.shtml,12-13 11:26
2024年全国制造业百强县（市）榜单发布：昆山排名第二，谁夺得了头筹,https://finance.sina.com.cn/stock/wbstock/2024-12-13/doc-inczhtrx9261772.shtml,12-13 11:25
大摩：维持中信证券“与大市同步”评级 目标价21.2港元,https://finance.sina.com.cn/stock/hkstock/hkgg/2024-12-13/doc-inczhtrz6037768.shtml,12-13 11:24
发生了什么？黄金遭遇抛售，较日高暴跌近50美元、一度失守2680,https://finance.sina.com.cn/roll/2024-12-13/doc-inczhtrz6045965.shtml,12-13 11:24
FX168日报:特朗普大消息！希望上任首日引起轰动 金价惊人暴跌的原因找到了 日本央行报道打击日元,https://finance.sina.com.cn/roll/2024-12-13/doc-inczhtrx9268827.shtml,12-13 11:24
部分手机产业链股逆市走高 丘钛科技涨超3%舜宇光学涨超2%,https://finance.sina.com.cn/stock/hkstock/marketalerts/2024-12-13/doc-inczhtrv2892486.shtml,12-13 11:23
中房报：超重磅定调！更大力度稳楼市政策来了,https://finance.sina.com.cn/jjxw/2024-12-13/doc-inczhtrx9261193.shtml,12-13 11:22
交银国际：首予置富产业信托“买入”评级 目标价5.86港元,https://finance.sina.com.cn/stock/hkstock/hkgg/2024-12-13/doc-inczhtrv2891289.shtml,12-13 11:21
港股房地产股集体下挫 融信中国跌超9%,https://finance.sina.com.cn/jjxw/2024-12-13/doc-inczhtrx9259645.shtml,12-13 11:21
中泰国际：维持信义光能“中性”评级 目标价降至3.22港元,https://finance.sina.com.cn/stock/hkstock/hkgg/2024-12-13/doc-inczhtrt6116121.shtml,12-13 11:20
支付宝开卖加密货币基金？原为华宝基金一产品间接投资，已暂停申购,https://finance.sina.com.cn/roll/2024-12-13/doc-inczhtrz6046718.shtml,12-13 11:20
医渡科技早盘涨逾6% 光大证券维持“买入”评级,https://finance.sina.com.cn/stock/hkstock/marketalerts/2024-12-13/doc-inczhtrv2890420.shtml,12-13 11:19
洛阳利尔总经理刘雷参加数字化转型专题培训班分享企业经验,https://finance.sina.com.cn/roll/2024-12-13/doc-inczhtrx9258589.shtml,12-13 11:19
港股内房股集体下挫，融信中国跌超9%,https://finance.sina.com.cn/jjxw/2024-12-13/doc-inczhtrz6035596.shtml,12-13 11:18
某省运营商计划减员2336人，减员比例11%,https://finance.sina.com.cn/roll/2024-12-13/doc-inczhtrz6035796.shtml,12-13 11:18
邬贺铨：只要成本下来，马斯克预言未来人形机器人数量会超过全球人口数,https://finance.sina.com.cn/hy/hyjz/2024-12-13/doc-inczhtrx9257322.shtml,12-13 11:17
《陕西省地方金融条例》解读,https://finance.sina.com.cn/roll/2024-12-13/doc-inczhtrz6040157.shtml,12-13 11:15
如何解决我国可利用工业数据少的问题？邬贺铨：引入可信数据空间,https://finance.sina.com.cn/hy/hyjz/2024-12-13/doc-inczhtrx9254993.shtml,12-13 11:13
本田终止与通用的自动驾驶出租车合作,https://finance.sina.com.cn/stock/usstock/c/2024-12-13/doc-inczhxxr6023250.shtml,12-13 11:13
个人养老金制度推行将带来哪些影响？一文解读,https://finance.sina.com.cn/jjxw/2024-12-13/doc-inczhtrz6038264.shtml,12-13 11:13
RockAI获评“2024上海最具投资潜力50佳创业企业”,https://finance.sina.com.cn/roll/2024-12-13/doc-inczhtrx9255067.shtml,12-13 11:09
冀中能源集团召开物资集中采购暨数智供应链平台上线推进会,https://finance.sina.com.cn/roll/2024-12-13/doc-inczhtrx9256490.shtml,12-13 11:07
中国银行业协会发布《养老金业务理论与实务（第二版）》,https://finance.sina.com.cn/jryx/bank/2024-12-13/doc-inczhtrv2882467.shtml,12-13 11:06
适当提高退休人员基本养老金、综合整治“内卷式”竞争……这一重磅会议以多组创新表述为明年经济工作定调,https://finance.sina.com.cn/stock/estate/integration/2024-12-13/doc-inczhtrt6119617.shtml,12-13 11:06
特朗普关税大棒惹各国人心惶惶！新西兰财长：求放过,https://finance.sina.com.cn/jjxw/2024-12-13/doc-inczhtrx9250865.shtml,12-13 11:04
平安好医生早盘涨超8% 此前宣布派发特别股息,https://finance.sina.com.cn/stock/hkstock/marketalerts/2024-12-13/doc-inczhtrx9249650.shtml,12-13 11:03
30年国债活跃券利率下行至1.9999%,https://finance.sina.com.cn/jjxw/2024-12-13/doc-inczhtrz6026726.shtml,12-13 11:02
暴跌99%后又涨超1000%，前河南首富财富依旧大幅缩水,https://finance.sina.com.cn/stock/wbstock/2024-12-13/doc-inczhtrz6028629.shtml,12-13 11:01
梦金园早盘涨逾9%创新高 较招股价已涨超20%,https://finance.sina.com.cn/stock/hkstock/marketalerts/2024-12-13/doc-inczhtrv2879335.shtml,12-13 11:01
顺控发展组联合体以5.15亿元收购华新彩印，标的公司前8个月净利润110.93万元,https://finance.sina.com.cn/roll/2024-12-13/doc-inczhtrx9248863.shtml,12-13 11:00
伟星股份：下半年接单较上半年增速逐渐回落 但总体仍保持增长,https://finance.sina.com.cn/jjxw/2024-12-13/doc-inczhtrx9248195.shtml,12-13 10:58
汇丰正评估在英国及中国香港以外的零售银行业务,https://finance.sina.com.cn/stock/bxjj/2024-12-13/doc-inczhtrx9247812.shtml,12-13 10:57
特朗普集团拟在沙特利雅得兴建两个新项目 中东成业务拓展新方向,https://finance.sina.com.cn/roll/2024-12-13/doc-inczhtrx9247395.shtml,12-13 10:55
特朗普在纽交所敲响开市钟 重申减税计划,https://finance.sina.com.cn/jjxw/2024-12-13/doc-inczhtrx9248880.shtml,12-13 10:55
总投资191亿，国轩高科再建两座海外电池工厂,https://finance.sina.com.cn/jjxw/2024-12-13/doc-inczhtrx9244955.shtml,12-13 10:49
长安民生物流12月13日上午9时正起短暂停牌,https://finance.sina.com.cn/stock/hkstock/ggscyd/2024-12-13/doc-inczhtrv2874264.shtml,12-13 10:47
北证50涨逾1%，华洋赛车30cm涨停,https://finance.sina.com.cn/jjxw/2024-12-13/doc-inczhtrz6021233.shtml,12-13 10:47
华晨中国早盘逆市走高 股价现涨6.60%,https://finance.sina.com.cn/stock/hkstock/marketalerts/2024-12-13/doc-inczhpiv6229727.shtml,12-13 10:45
当Meme币遇到社会热点：LUIGI上演“加密版罗宾汉”剧情,https://finance.sina.com.cn/blockchain/roll/2024-12-13/doc-inczhtrx9257345.shtml,12-13 10:43
美的集团进行工商变更 注册资本增加至76.56亿元,https://finance.sina.com.cn/stock/estate/integration/2024-12-13/doc-inczhtrz6021810.shtml,12-13 10:42
2024年银行IPO或又将“挂零”，排队数量缩至7家,https://finance.sina.com.cn/jjxw/2024-12-13/doc-inczhpkc6150929.shtml,12-13 10:42
再传捷报！华兴证券荣膺资产证券化年会两项大奖｜兴 · 荣誉,https://finance.sina.com.cn/roll/2024-12-13/doc-inczhtrx9248216.shtml,12-13 10:41
IBM携手高校业界合作伙伴 在芝加哥投资建设国家量子算法中心,https://finance.sina.com.cn/stock/usstock/c/2024-12-13/doc-inczhpkc6150948.shtml,12-13 10:40
【媒体聚焦•黑龙江日报】赋能添智 北大荒打造智慧农业“新引擎”,https://finance.sina.com.cn/roll/2024-12-13/doc-inczhtrz6027087.shtml,12-13 10:40
今年我国经济社会发展主要目标任务将顺利完成,https://finance.sina.com.cn/stock/wbstock/2024-12-13/doc-inczhtrz6033633.shtml,12-13 10:39
英特尔高管承认或被迫出售芯片制造业务,https://finance.sina.com.cn/stock/hkstock/ggscyd/2024-12-13/doc-inczhpkc6149344.shtml,12-13 10:38
尚品宅配与纾兰定制床垫达成战略合作，融合共建家居消费新场景,https://finance.sina.com.cn/stock/enterprise/cn/2024-12-13/doc-inczhpiz9370826.shtml,12-13 10:37
抢国补享盛惠！西安尚品宅配20店联动，开启店厂直补年终狂欢,https://finance.sina.com.cn/stock/enterprise/cn/2024-12-13/doc-inczhpiz9370455.shtml,12-13 10:37
老铺黄金早盘涨超3% 股价续创上市新高,https://finance.sina.com.cn/stock/hkstock/marketalerts/2024-12-13/doc-inczhpix2999725.shtml,12-13 10:35
国债期货30年期主力合约涨幅扩大至0.62%,https://finance.sina.com.cn/jjxw/2024-12-13/doc-inczhpkc6146842.shtml,12-13 10:35
南方基金：强化使命担当，积极助力国家养老战略,https://finance.sina.com.cn/money/fund/jjh/2024-12-13/doc-inczhpiz9369079.shtml,12-13 10:33
屠光绍：绿色投资要提升三个比重 促进可持续发展,https://finance.sina.com.cn/meeting/2024-12-13/doc-inczhpkc6145864.shtml,12-13 10:33
煤炭股震荡走低，安泰集团跌超6%,https://finance.sina.com.cn/stock/relnews/cn/2024-12-13/doc-inczhpkc6145571.shtml,12-13 10:31
“金表第一股”成色几何？ 产品销量走低、经销商依赖症不减 西普尼估值增长滞缓,https://finance.sina.com.cn/stock/observe/2024-12-13/doc-inczhpiz9368118.shtml,12-13 10:31
“学习胖东来”第23家调改店开业，“爆改”流量背后永辉超市能否翻身？,https://finance.sina.com.cn/jjxw/2024-12-13/doc-inczhpkc6145153.shtml,12-13 10:30
一地重磅官宣：取消公摊！已有多地提出↗,https://finance.sina.com.cn/roll/2024-12-13/doc-inczhtrz6023910.shtml,12-13 10:28
杭州等热点城市也开始卷“得房率”，新房市场未来优势更明显,https://finance.sina.com.cn/jjxw/2024-12-13/doc-inczhpiz9367984.shtml,12-13 10:28
