类别,标题,链接
新闻总排行,国防部回应搞不搞演习：兵无常势 水无常形,https://news.sina.com.cn/c/2024-12-13/doc-inczhpiv6166561.shtml
新闻总排行,乌克兰准备放弃部分领土以加入北约？泽连斯基作出表态，俄媒解读,https://news.sina.com.cn/w/2024-12-13/doc-inczhhzw9086828.shtml
新闻总排行,中央经济工作会议在北京举行 习近平发表重要讲话,https://news.sina.com.cn/zx/2024-12-12/doc-inczfmwm3498628.shtml
新闻总排行,尹锡悦忙不过来啊！还有空说中国？,https://news.sina.com.cn/c/2024-12-13/doc-inczhpix2959288.shtml
新闻总排行,律师：李铁无期徒刑可能性较大，死刑可能性较低,https://news.sina.com.cn/c/2024-12-13/doc-inczhhzx6276512.shtml
新闻总排行,中国国家男子足球队原主教练李铁，被判处有期徒刑二十年,https://news.sina.com.cn/c/2024-12-13/doc-inczhpkc6105781.shtml
新闻总排行,深圳超高层住宅爆炸起火后：小区挨户进行消防排查，业主关心燃气安全问题,https://news.sina.com.cn/c/2024-12-13/doc-inczfwmz2546912.shtml
新闻总排行,20年！中国国家男子足球队原主教练李铁案一审宣判,https://news.sina.com.cn/c/2024-12-13/doc-inczhpkc6098663.shtml
新闻总排行,侵华日军第七三一部队本部大楼今日重启对外开放,https://news.sina.com.cn/w/2024-12-13/doc-inczhaty9204068.shtml
新闻总排行,国防部：福建舰下步将逐步展开后续试验项目,https://news.sina.com.cn/c/2024-12-13/doc-inczhhzv2329081.shtml
视频排行,小哥送完外卖站路边吃饭，被店家“吼”进屋吹空调：最凶的语气说最温柔的话,https://video.sina.com.cn/p/news/2024-07-12/detail-inccvtuh7871763.d.html
视频排行,女子切5斤五花肉后进屋，邻居家狗进门连吃带拿清光，女子看空盘自我怀疑,https://video.sina.com.cn/p/news/2024-07-12/detail-inccvtuh7873299.d.html
视频排行,15岁女孩玩恋爱手游充值一万多：为抽卡与“男主”互动，事后觉得被引诱,https://video.sina.com.cn/p/news/2024-07-12/detail-inccvtuc4724737.d.html
视频排行,画面曝光！因故障滞留太空超一个月，美宇航员坚信飞船能安全返航,https://video.sina.com.cn/p/news/2024-07-12/detail-inccvttz7947666.d.html
视频排行,河北承德一村庄突遭泥浆侵袭：街道变河道，有车辆被冲走,https://video.sina.com.cn/p/news/2024-07-12/detail-inccwkrt7737321.d.html
视频排行,监拍飞石落入客车砸中乘客 亲历者：石头比头还大 玻璃碴子全飞起来了,https://video.sina.com.cn/p/news/2024-07-12/detail-inccwkrx0861815.d.html
视频排行,4岁抗癌网红“小苹果”去世，殡仪馆20盆花收费13800元气哭母亲，官方回应,https://video.sina.com.cn/p/news/2024-07-11/detail-inccteff8778603.d.html
图片排行,组图：《我们的翻译官》官宣开机 宋茜陈星旭联袂出演,http://slide.ent.sina.com.cn/star/slide_4_704_377160.html
图片排行,伊布30岁后至今攻入297粒俱乐部进球,http://slide.sports.sina.com.cn/g_seriea/slide_2_730_262373.html
图片排行,[欧冠]那不勒斯3-0格拉斯哥流浪者,http://slide.sports.sina.com.cn/g/slide_2_730_282293.html
图片排行,组图：TVB将翻拍韩剧《黑话律师》 原剧由李钟硕林允儿主演,http://slide.ent.sina.com.cn/tv/slide_4_704_389163.html
图片排行,图集-亚运围棋男团决赛 中国-韩国,http://slide.sports.sina.com.cn/go/slide_2_820_286732.html
图片排行,图集-亚运会围棋男子团体预赛第一轮 中国-泰国,http://slide.sports.sina.com.cn/go/slide_2_820_286718.html
图片排行,浙江绍兴：多彩活动迎双节,http://slide.news.sina.com.cn/slide_1_86058_582225.html
图片排行,光大期货9月12日交易策略图解,http://slide.finance.sina.com.cn/future/slide_9_85779_625690.html
图片排行,吉林市现2024年冬首场五星级雾凇,http://slide.news.sina.com.cn/c/slide_1_2841_603724.html
图片排行,哈尔滨：6米高亚冬会吉祥物雪雕“滨滨”“妮妮”亮相松花江畔,http://slide.news.sina.com.cn/c/slide_1_2841_603521.html
国内新闻,国防部回应搞不搞演习：兵无常势 水无常形,https://news.sina.com.cn/c/2024-12-13/doc-inczhpiv6166561.shtml
国内新闻,尹锡悦忙不过来啊！还有空说中国？,https://news.sina.com.cn/c/2024-12-13/doc-inczhpix2959288.shtml
国内新闻,律师：李铁无期徒刑可能性较大，死刑可能性较低,https://news.sina.com.cn/c/2024-12-13/doc-inczhhzx6276512.shtml
国内新闻,中国国家男子足球队原主教练李铁，被判处有期徒刑二十年,https://news.sina.com.cn/c/2024-12-13/doc-inczhpkc6105781.shtml
国内新闻,深圳超高层住宅爆炸起火后：小区挨户进行消防排查，业主关心燃气安全问题,https://news.sina.com.cn/c/2024-12-13/doc-inczfwmz2546912.shtml
国内新闻,20年！中国国家男子足球队原主教练李铁案一审宣判,https://news.sina.com.cn/c/2024-12-13/doc-inczhpkc6098663.shtml
国内新闻,侵华日军第七三一部队本部大楼今日重启对外开放,https://news.sina.com.cn/w/2024-12-13/doc-inczhaty9204068.shtml
国内新闻,国防部：福建舰下步将逐步展开后续试验项目,https://news.sina.com.cn/c/2024-12-13/doc-inczhhzv2329081.shtml
国内新闻,深圳悦府二期爆燃事故背后：亲历者、赔偿难题和超高层建筑反思,https://news.sina.com.cn/c/2024-12-13/doc-inczhpiz9371208.shtml
国内新闻,中国驻美大使谢锋：低估中国不明智，唱衰中国不符合事实，遏制中国更不会得逞,https://news.sina.com.cn/c/2024-12-13/doc-inczhhzv2311055.shtml
国际新闻,乌克兰准备放弃部分领土以加入北约？泽连斯基作出表态，俄媒解读,https://news.sina.com.cn/w/2024-12-13/doc-inczhhzw9086828.shtml
国际新闻,美股三大指数集体收跌 Adobe跌近14%,https://news.sina.com.cn/w/2024-12-13/doc-inczhauc3173511.shtml
国际新闻,“年度人物”特朗普敲响纽交所开市钟，强调“股市就是一切”,https://news.sina.com.cn/w/2024-12-13/doc-inczfsee9441568.shtml
国际新闻,美媒披露：俄罗斯特工帮助阿萨德逃离叙利亚,https://news.sina.com.cn/w/2024-12-12/doc-inczezhm2902639.shtml
国际新闻,金建希纪录片《第一夫人》上映 或进一步激化韩国政治危机,https://news.sina.com.cn/w/2024-12-12/doc-inczffqi2849073.shtml
国际新闻,特朗普批拜登政府升级局势 强调不会放弃乌克兰,https://news.sina.com.cn/w/2024-12-13/doc-inczfwna9321726.shtml
国际新闻,重申将调动军队驱逐所有非法移民 特朗普最新表态透露更多细节,https://news.sina.com.cn/w/2024-12-13/doc-inczfwmz2539334.shtml
国际新闻,特朗普“生气”：别用美国导弹打俄罗斯！,https://news.sina.com.cn/w/2024-12-13/doc-inczhtrt6116538.shtml
国际新闻,克宫：特朗普没有邀请普京参加就职典礼,https://news.sina.com.cn/w/2024-12-13/doc-inczhhzw9100400.shtml
国际新闻,韩媒：戒严事件后，尹锡悦纪念手表价格暴跌,https://news.sina.com.cn/w/2024-12-13/doc-inczhhzw9085089.shtml
社会新闻,痛惜！37岁主持人意外去世，这些身边隐患速自查,https://news.sina.com.cn/s/2024-12-13/doc-inczfsee9441502.shtml
社会新闻,极越汽车突然“崩盘” 公司员工：对赔偿不抱希望，已在找新工作,https://news.sina.com.cn/s/2024-12-12/doc-inczffqi2868158.shtml
社会新闻,长沙一网友质疑所购俄罗斯奶粉为假冒“洋货”，市场监管部门：正在调查中,https://news.sina.com.cn/s/2024-12-12/doc-inczffqp3615977.shtml
社会新闻,吉林省辽源市通报一小区门市房疑燃气爆炸：住院治疗13人，其中重伤2人,https://news.sina.com.cn/s/2024-12-12/doc-inczfmwi6722588.shtml
社会新闻,男子举报“邻居家有车有房吃低保” 纪委调查：该家庭三人享低保符合条件，不存在违规,https://news.sina.com.cn/s/2024-12-12/doc-inczezhm2924458.shtml
社会新闻,3人销售火麻种子被判缓刑后申诉获再审，其3名下家此前获无罪,https://news.sina.com.cn/s/2024-12-12/doc-inczezhm2957904.shtml
社会新闻,北大国际关系学院考生“蔡元培”登顶热搜！将于周末参加复试,https://news.sina.com.cn/s/2024-03-19/doc-inanvues1219881.shtml
社会新闻,单板滑雪大跳台世界杯北京站：杨文龙&苏翊鸣包揽前2晋级决赛,https://news.sina.com.cn/s/2024-11-30/doc-incxvtup0863330.shtml
社会新闻,深夜“已读不回”就骂人，“老板身份”不是爆粗口理由,https://news.sina.com.cn/s/2024-11-30/doc-incxvtup0862004.shtml
社会新闻,泉州一小学生走廊上甩手无意碰触老师 被脚踢后揪进教室 县教育局：已解聘涉事教师,https://news.sina.com.cn/s/2023-05-26/doc-imyvapui7677290.shtml
体育新闻,斯拉维亚输球爆7倍大冷 足彩头奖开12注80.9万元,https://sports.sina.com.cn/l/2024-12-13/doc-inczhhzx6285602.shtml
体育新闻,派奖第18期！双色球头奖开7注1079万+1注793万,https://sports.sina.com.cn/l/2024-12-12/doc-inczfmwf2767151.shtml
体育新闻,国象世界冠军赛丁立人卫冕失败 古克什成为新棋王,https://sports.sina.com.cn/go/2024-12-12/doc-inczfmwh9555322.shtml
体育新闻,[新浪彩票]足彩第24199期任九：图卢兹主场取胜,https://sports.sina.com.cn/l/2024-12-13/doc-inczhhzx6286622.shtml
体育新闻,凤凰网解读：李铁涉案金额近1.2亿 为何没判无期,https://sports.sina.com.cn/china/2024-12-13/doc-inczhpiz9367757.shtml
体育新闻,男子20元擒双色球1938万 奖金存起来不乱花,https://sports.sina.com.cn/l/2024-12-13/doc-inczhhzx6283234.shtml
体育新闻,足彩伤停：弗莱堡阿达穆停赛 沃尔夫斯堡失7人,https://sports.sina.com.cn/l/2024-12-12/doc-inczeuyp3002171.shtml
体育新闻,李铁被判处有期徒刑20年！ 涉案金额近1.2亿,https://sports.sina.com.cn/china/2024-12-13/doc-inczhpiv6199360.shtml
体育新闻,[新浪彩票]足彩第24199期大势：德比郡坐和望赢,https://sports.sina.com.cn/l/2024-12-13/doc-inczhhzv2322047.shtml
体育新闻,[新浪彩票]足彩24199期冷热指数：狼堡坚韧不败,https://sports.sina.com.cn/l/2024-12-13/doc-inczhhzw9101771.shtml
财经新闻,“年度人物”特朗普敲响纽交所开市钟，强调“股市就是一切”,https://finance.sina.com.cn/roll/2024-12-13/doc-inczfsee9440356.shtml
财经新闻,俄方回应泽连斯基拒绝停火建议！匈牙利总理：目前是俄乌冲突“最危险的几周”！拜登再批准一项对乌援助计划,https://finance.sina.com.cn/roll/2024-12-13/doc-inczhpiu8983741.shtml
财经新闻,主持人李昕鑫因家中失火离世,https://finance.sina.com.cn/jjxw/2024-12-13/doc-inczhpix2961446.shtml
财经新闻,12月13日操盘必读：影响股市利好或利空消息,https://finance.sina.com.cn/stock/cpbd/2024-12-13/doc-inczhpit2202479.shtml
财经新闻,浮盈上亿元！神秘男子接连举牌“牛股”，疑似百亿私募少东家,https://finance.sina.com.cn/stock/marketresearch/2024-12-13/doc-inczhhzw9105330.shtml
财经新闻,天风策略：中央经济工作会后的投资线索,https://finance.sina.com.cn/stock/marketresearch/2024-12-13/doc-inczhhzv2319755.shtml
财经新闻,靴子落地，降息25个基点！国采规模创新高，三大逻辑支撑，医药或迎反转？,https://finance.sina.com.cn/stock/marketresearch/2024-12-13/doc-inczhhzz3057011.shtml
财经新闻,超预期表态提振信心 内外资机构看好A股,https://finance.sina.com.cn/stock/s/2024-12-13/doc-inczhhzz3055709.shtml
财经新闻,筹码集中股扎堆四大行业 43只个股连降3期以上,https://finance.sina.com.cn/stock/relnews/cn/2024-12-13/doc-inczfwmz2541010.shtml
财经新闻,财经早报：明年中国经济怎么干？中央经济工作会议要点梳理，巨额增量资金来了，首批85只名单亮相！,https://finance.sina.com.cn/stock/y/2024-12-13/doc-inczhhzz3058925.shtml
娱乐新闻,《唐人街内部》发布预告 华裔卡司出演,https://ent.sina.com.cn/m/f/2024-12-01/doc-incxwksf0549250.shtml
娱乐新闻,《沙丘2》退出奥斯卡最佳配乐竞争 不符合规则,https://ent.sina.com.cn/m/f/2024-11-30/doc-incxwkrz3738230.shtml
娱乐新闻,科尔曼·多明戈导演新片《丑闻》 悉尼妹主演,https://ent.sina.com.cn/m/f/2024-11-30/doc-incxwksc0515720.shtml
娱乐新闻,《怒呛人生》新季正式敲定 全明星阵容加盟,https://ent.sina.com.cn/v/u/2024-11-30/doc-incxwkrz3737843.shtml
娱乐新闻,影迷评《雄狮少年2》：制作精良 燃情热血,https://ent.sina.com.cn/m/c/2024-12-13/doc-inczhtrz6038288.shtml
娱乐新闻,动画《指环王：洛汗之战》曝海报 全员迎战,https://ent.sina.com.cn/m/f/2024-11-30/doc-incxwkrz3736803.shtml
娱乐新闻,热门小说《想起他》拍电影 科琳·胡佛原著再编,https://ent.sina.com.cn/m/f/2024-11-27/doc-incxmzcu6966504.shtml
娱乐新闻,《异形大战铁血战士》可能开发 负责人展望未来,https://ent.sina.com.cn/m/f/2024-11-30/doc-incxwksf0540821.shtml
娱乐新闻,口碑票房双双滑铁卢 《小丑2》反响不佳,https://ent.sina.com.cn/m/f/2024-11-27/doc-incxmqpw7400535.shtml
娱乐新闻,索尼经典获《骑着快马》发行权 LGBT小说改编,https://ent.sina.com.cn/m/f/2024-11-27/doc-incxmzcu6958930.shtml
科技新闻,国外一男子中2.43亿彩票 25天后突然死亡：或因极度精神刺激,https://finance.sina.com.cn/tech/discovery/2024-12-13/doc-inczhpiz9347365.shtml
科技新闻,传英伟达下架天猫官方旗舰店所有商品 客服：一直仅展示 不出售任何产品或服务,https://finance.sina.com.cn/tech/roll/2024-12-12/doc-inczezhm2934113.shtml
科技新闻,TGA开播倒计时14小时！已有9000余人在直播间等待,https://finance.sina.com.cn/tech/discovery/2024-12-12/doc-inczezhm2959270.shtml
科技新闻,TechInsights拆解确认：麒麟9020是增强版麒麟9010,https://finance.sina.com.cn/tech/discovery/2024-12-13/doc-inczffqk9633975.shtml
科技新闻,阿里造了一个“TAO”：日本电商市场要变天了！,https://finance.sina.com.cn/tech/discovery/2024-12-13/doc-inczezhn9716133.shtml
科技新闻,余承东正式入驻抖音！一条视频未发 粉丝量已快速上涨,https://finance.sina.com.cn/tech/discovery/2024-12-13/doc-inczfmwf2763361.shtml
科技新闻,TGA2024年度最佳动作游戏 黑神话悟空中文获奖感言：玩起来真不难,https://finance.sina.com.cn/tech/discovery/2024-12-13/doc-inczhtrz6021852.shtml
科技新闻,李佳琪直播出事故佣金疑曝光：一场直播轻松赚千万！,https://finance.sina.com.cn/tech/discovery/2024-12-13/doc-inczhtrx9244741.shtml
科技新闻,人均过百的海底捞也有9块9了：走平价路线,https://finance.sina.com.cn/tech/discovery/2024-12-12/doc-inczfmwf2773499.shtml
科技新闻,盘点今年光速掉粉的五大网红：有人积攒的4000万粉丝一夜归零,https://finance.sina.com.cn/tech/discovery/2024-12-13/doc-inczffqk9633987.shtml
军事新闻,国防部正告菲方：挑衅加一分 反制强一步,https://mil.news.sina.com.cn/zonghe/2024-12-13/doc-inczhpkc6101292.shtml
军事新闻,特朗普再次威胁“退约”，美国和北约谁更需要谁？,https://mil.news.sina.com.cn/zonghe/2024-12-13/doc-inczhpkc6093935.shtml
军事新闻,国防部：日方没必要风声鹤唳 草木皆兵,https://mil.news.sina.com.cn/zonghe/2024-12-13/doc-inczhpkc6101216.shtml
军事新闻,国防部：福建舰下步将逐步展开后续试验项目,https://mil.news.sina.com.cn/zonghe/2024-12-13/doc-inczhpiz9324134.shtml
军事新闻,一箭5星！我国成功发射高速激光钻石星座试验系统,https://mil.news.sina.com.cn/zonghe/2024-12-13/doc-inczhpkc6093958.shtml
军事新闻,俄媒：俄白部署“榛树”释放强烈信号,https://mil.news.sina.com.cn/zonghe/2024-12-13/doc-inczhpkc6093930.shtml
军事新闻,戈戟横空卫家国——不拘一格的中国古代长兵器之一,https://mil.news.sina.com.cn/zonghe/2024-12-13/doc-inczhpiz9316816.shtml
军事新闻,特朗普：首要任务是解决乌克兰问题,https://mil.news.sina.com.cn/zonghe/2024-12-12/doc-inczeuyq9777145.shtml
军事新闻,国防部：军人子女是军队的花朵，祖国的未来,https://mil.news.sina.com.cn/zonghe/2024-12-13/doc-inczhpkc6101142.shtml
军事新闻,AG600再完成2项试验试飞任务,https://mil.news.sina.com.cn/zonghe/2024-12-12/doc-inczeuyp3007277.shtml
